# Blender 5.1.2
# www.blender.org
mtllib yuna_semantic_layer_v8.mtl
o back_hair
v -1.591667 4.400000 0.691429
v -1.238497 4.400000 0.691429
v -1.599275 4.255469 0.684600
v -1.246106 4.255469 0.684600
v -1.606591 4.110938 0.678035
v -1.253422 4.110938 0.678035
v -1.613334 3.966406 0.671984
v -1.260164 3.966406 0.671984
v -1.619244 3.821875 0.666680
v -1.266074 3.821875 0.666680
v -1.624094 3.677344 0.662327
v -1.270924 3.677344 0.662327
v -1.627698 3.532813 0.659093
v -1.274528 3.532813 0.659093
v -1.629917 3.388281 0.657101
v -1.276748 3.388281 0.657101
v -1.630667 3.243750 0.656429
v -1.277497 3.243750 0.656429
v -1.629917 3.099219 0.657101
v -1.276748 3.099219 0.657101
v -1.627698 2.954688 0.659093
v -1.274528 2.954688 0.659093
v -1.624094 2.810156 0.662327
v -1.270924 2.810156 0.662327
v -1.619244 2.665625 0.666680
v -1.266074 2.665625 0.666680
v -1.613334 2.521094 0.671984
v -1.260164 2.521094 0.671984
v -1.606591 2.376563 0.678035
v -1.253422 2.376563 0.678035
v -1.599275 2.232031 0.684600
v -1.246106 2.232031 0.684600
v -1.591667 2.087500 0.691429
v -1.238497 2.087500 0.691429
v -1.421622 4.400000 0.674286
v -0.976890 4.400000 0.674286
v -1.428060 4.255469 0.667458
v -0.983328 4.255469 0.667458
v -1.434251 4.110938 0.660892
v -0.989518 4.110938 0.660892
v -1.439956 3.966406 0.654841
v -0.995224 3.966406 0.654841
v -1.444957 3.821875 0.649537
v -1.000224 3.821875 0.649537
v -1.449061 3.677344 0.645184
v -1.004328 3.677344 0.645184
v -1.452110 3.532813 0.641950
v -1.007378 3.532813 0.641950
v -1.453988 3.388281 0.639958
v -1.009256 3.388281 0.639958
v -1.454622 3.243750 0.639286
v -1.009890 3.243750 0.639286
v -1.453988 3.099219 0.639958
v -1.009256 3.099219 0.639958
v -1.452110 2.954688 0.641950
v -1.007378 2.954688 0.641950
v -1.449061 2.810156 0.645184
v -1.004328 2.810156 0.645184
v -1.444957 2.665625 0.649537
v -1.000224 2.665625 0.649537
v -1.439956 2.521094 0.654841
v -0.995224 2.521094 0.654841
v -1.434251 2.376563 0.660892
v -0.989518 2.376563 0.660892
v -1.428060 2.232031 0.667458
v -0.983328 2.232031 0.667458
v -1.421622 2.087500 0.674286
v -0.976890 2.087500 0.674286
v -1.160015 4.400000 0.657143
v -0.715283 4.400000 0.657143
v -1.165282 4.255469 0.650315
v -0.720550 4.255469 0.650315
v -1.170347 4.110938 0.643749
v -0.725615 4.110938 0.643749
v -1.175015 3.966406 0.637698
v -0.730283 3.966406 0.637698
v -1.179107 3.821875 0.632394
v -0.734375 3.821875 0.632394
v -1.182465 3.677344 0.628041
v -0.737732 3.677344 0.628041
v -1.184960 3.532813 0.624807
v -0.740227 3.532813 0.624807
v -1.186496 3.388281 0.622815
v -0.741764 3.388281 0.622815
v -1.187015 3.243750 0.622143
v -0.742283 3.243750 0.622143
v -1.186496 3.099219 0.622815
v -0.741764 3.099219 0.622815
v -1.184960 2.954688 0.624807
v -0.740227 2.954688 0.624807
v -1.182465 2.810156 0.628041
v -0.737732 2.810156 0.628041
v -1.179107 2.665625 0.632394
v -0.734375 2.665625 0.632394
v -1.175015 2.521094 0.637698
v -0.730283 2.521094 0.637698
v -1.170347 2.376563 0.643749
v -0.725615 2.376563 0.643749
v -1.165282 2.232031 0.650315
v -0.720550 2.232031 0.650315
v -1.160015 2.087500 0.657143
v -0.715283 2.087500 0.657143
v -0.898408 4.400000 0.640000
v -0.453676 4.400000 0.640000
v -0.902505 4.255469 0.633172
v -0.457772 4.255469 0.633172
v -0.906444 4.110938 0.626606
v -0.461712 4.110938 0.626606
v -0.910075 3.966406 0.620555
v -0.465343 3.966406 0.620555
v -0.913257 3.821875 0.615251
v -0.468525 3.821875 0.615251
v -0.915869 3.677344 0.610899
v -0.471136 3.677344 0.610899
v -0.917809 3.532813 0.607664
v -0.473077 3.532813 0.607664
v -0.919004 3.388281 0.605673
v -0.474272 3.388281 0.605673
v -0.919408 3.243750 0.605000
v -0.474676 3.243750 0.605000
v -0.919004 3.099219 0.605673
v -0.474272 3.099219 0.605673
v -0.917809 2.954688 0.607664
v -0.473077 2.954688 0.607664
v -0.915869 2.810156 0.610899
v -0.471136 2.810156 0.610899
v -0.913257 2.665625 0.615251
v -0.468525 2.665625 0.615251
v -0.910075 2.521094 0.620555
v -0.465343 2.521094 0.620555
v -0.906444 2.376563 0.626606
v -0.461712 2.376563 0.626606
v -0.902505 2.232031 0.633172
v -0.457772 2.232031 0.633172
v -0.898408 2.087500 0.640000
v -0.453676 2.087500 0.640000
v -0.636801 4.400000 0.622857
v -0.192068 4.400000 0.622857
v -0.639727 4.255469 0.616029
v -0.194995 4.255469 0.616029
v -0.642541 4.110938 0.609463
v -0.197809 4.110938 0.609463
v -0.645134 3.966406 0.603412
v -0.200402 3.966406 0.603412
v -0.647407 3.821875 0.598108
v -0.202675 3.821875 0.598108
v -0.649273 3.677344 0.593756
v -0.204540 3.677344 0.593756
v -0.650659 3.532813 0.590521
v -0.205927 3.532813 0.590521
v -0.651512 3.388281 0.588530
v -0.206780 3.388281 0.588530
v -0.651801 3.243750 0.587857
v -0.207068 3.243750 0.587857
v -0.651512 3.099219 0.588530
v -0.206780 3.099219 0.588530
v -0.650659 2.954688 0.590521
v -0.205927 2.954688 0.590521
v -0.649273 2.810156 0.593756
v -0.204540 2.810156 0.593756
v -0.647407 2.665625 0.598108
v -0.202675 2.665625 0.598108
v -0.645134 2.521094 0.603412
v -0.200402 2.521094 0.603412
v -0.642541 2.376563 0.609463
v -0.197809 2.376563 0.609463
v -0.639727 2.232031 0.616029
v -0.194995 2.232031 0.616029
v -0.636801 2.087500 0.622857
v -0.192068 2.087500 0.622857
v -0.375193 4.400000 0.605714
v 0.069539 4.400000 0.605714
v -0.376949 4.255469 0.598886
v 0.067783 4.255469 0.598886
v -0.378638 4.110938 0.592320
v 0.066095 4.110938 0.592320
v -0.380194 3.966406 0.586269
v 0.064539 3.966406 0.586269
v -0.381557 3.821875 0.580966
v 0.063175 3.821875 0.580966
v -0.382677 3.677344 0.576613
v 0.062055 3.677344 0.576613
v -0.383508 3.532813 0.573379
v 0.061224 3.532813 0.573379
v -0.384021 3.388281 0.571387
v 0.060712 3.388281 0.571387
v -0.384193 3.243750 0.570714
v 0.060539 3.243750 0.570714
v -0.384021 3.099219 0.571387
v 0.060712 3.099219 0.571387
v -0.383508 2.954688 0.573379
v 0.061224 2.954688 0.573379
v -0.382677 2.810156 0.576613
v 0.062055 2.810156 0.576613
v -0.381557 2.665625 0.580966
v 0.063175 2.665625 0.580966
v -0.380194 2.521094 0.586269
v 0.064539 2.521094 0.586269
v -0.378638 2.376563 0.592320
v 0.066095 2.376563 0.592320
v -0.376949 2.232031 0.598886
v 0.067783 2.232031 0.598886
v -0.375193 2.087500 0.605714
v 0.069539 2.087500 0.605714
v -0.113586 4.400000 0.588571
v 0.331146 4.400000 0.588571
v -0.114172 4.255469 0.581743
v 0.330561 4.255469 0.581743
v -0.114734 4.110938 0.575177
v 0.329998 4.110938 0.575177
v -0.115253 3.966406 0.569126
v 0.329479 3.966406 0.569126
v -0.115708 3.821875 0.563823
v 0.329025 3.821875 0.563823
v -0.116081 3.677344 0.559470
v 0.328651 3.677344 0.559470
v -0.116358 3.532813 0.556236
v 0.328374 3.532813 0.556236
v -0.116529 3.388281 0.554244
v 0.328203 3.388281 0.554244
v -0.116586 3.243750 0.553571
v 0.328146 3.243750 0.553571
v -0.116529 3.099219 0.554244
v 0.328203 3.099219 0.554244
v -0.116358 2.954688 0.556236
v 0.328374 2.954688 0.556236
v -0.116081 2.810156 0.559470
v 0.328651 2.810156 0.559470
v -0.115708 2.665625 0.563823
v 0.329025 2.665625 0.563823
v -0.115253 2.521094 0.569126
v 0.329479 2.521094 0.569126
v -0.114734 2.376563 0.575177
v 0.329998 2.376563 0.575177
v -0.114172 2.232031 0.581743
v 0.330561 2.232031 0.581743
v -0.113586 2.087500 0.588571
v 0.331146 2.087500 0.588571
v 0.148021 4.400000 0.571429
v 0.592753 4.400000 0.571429
v 0.148606 4.255469 0.564600
v 0.593338 4.255469 0.564600
v 0.149169 4.110938 0.558035
v 0.593901 4.110938 0.558035
v 0.149688 3.966406 0.551984
v 0.594420 3.966406 0.551984
v 0.150142 3.821875 0.546680
v 0.594874 3.821875 0.546680
v 0.150515 3.677344 0.542327
v 0.595247 3.677344 0.542327
v 0.150792 3.532813 0.539093
v 0.595525 3.532813 0.539093
v 0.150963 3.388281 0.537101
v 0.595695 3.388281 0.537101
v 0.151021 3.243750 0.536429
v 0.595753 3.243750 0.536429
v 0.150963 3.099219 0.537101
v 0.595695 3.099219 0.537101
v 0.150792 2.954688 0.539093
v 0.595525 2.954688 0.539093
v 0.150515 2.810156 0.542327
v 0.595247 2.810156 0.542327
v 0.150142 2.665625 0.546680
v 0.594874 2.665625 0.546680
v 0.149688 2.521094 0.551984
v 0.594420 2.521094 0.551984
v 0.149169 2.376563 0.558035
v 0.593901 2.376563 0.558035
v 0.148606 2.232031 0.564600
v 0.593338 2.232031 0.564600
v 0.148021 2.087500 0.571429
v 0.592753 2.087500 0.571429
v 0.409628 4.400000 0.554286
v 0.854360 4.400000 0.554286
v 0.411384 4.255469 0.547458
v 0.856116 4.255469 0.547458
v 0.413072 4.110938 0.540892
v 0.857804 4.110938 0.540892
v 0.414628 3.966406 0.534841
v 0.859360 3.966406 0.534841
v 0.415992 3.821875 0.529537
v 0.860724 3.821875 0.529537
v 0.417111 3.677344 0.525184
v 0.861843 3.677344 0.525184
v 0.417943 3.532813 0.521950
v 0.862675 3.532813 0.521950
v 0.418455 3.388281 0.519958
v 0.863187 3.388281 0.519958
v 0.418628 3.243750 0.519286
v 0.863360 3.243750 0.519286
v 0.418455 3.099219 0.519958
v 0.863187 3.099219 0.519958
v 0.417943 2.954688 0.521950
v 0.862675 2.954688 0.521950
v 0.417111 2.810156 0.525184
v 0.861843 2.810156 0.525184
v 0.415992 2.665625 0.529537
v 0.860724 2.665625 0.529537
v 0.414628 2.521094 0.534841
v 0.859360 2.521094 0.534841
v 0.413072 2.376563 0.540892
v 0.857804 2.376563 0.540892
v 0.411384 2.232031 0.547458
v 0.856116 2.232031 0.547458
v 0.409628 2.087500 0.554286
v 0.854360 2.087500 0.554286
v 0.671235 4.400000 0.537143
v 1.115967 4.400000 0.537143
v 0.674161 4.255469 0.530315
v 1.118894 4.255469 0.530315
v 0.676975 4.110938 0.523749
v 1.121708 4.110938 0.523749
v 0.679569 3.966406 0.517698
v 1.124301 3.966406 0.517698
v 0.681842 3.821875 0.512394
v 1.126574 3.821875 0.512394
v 0.683707 3.677344 0.508041
v 1.128439 3.677344 0.508041
v 0.685093 3.532813 0.504807
v 1.129825 3.532813 0.504807
v 0.685947 3.388281 0.502815
v 1.130679 3.388281 0.502815
v 0.686235 3.243750 0.502143
v 1.130967 3.243750 0.502143
v 0.685947 3.099219 0.502815
v 1.130679 3.099219 0.502815
v 0.685093 2.954688 0.504807
v 1.129825 2.954688 0.504807
v 0.683707 2.810156 0.508041
v 1.128439 2.810156 0.508041
v 0.681842 2.665625 0.512394
v 1.126574 2.665625 0.512394
v 0.679569 2.521094 0.517698
v 1.124301 2.521094 0.517698
v 0.676975 2.376563 0.523749
v 1.121708 2.376563 0.523749
v 0.674161 2.232031 0.530315
v 1.118894 2.232031 0.530315
v 0.671235 2.087500 0.537143
v 1.115967 2.087500 0.537143
v 0.932842 4.400000 0.520000
v 1.377574 4.400000 0.520000
v 0.936939 4.255469 0.513172
v 1.381671 4.255469 0.513172
v 0.940879 4.110938 0.506606
v 1.385611 4.110938 0.506606
v 0.944509 3.966406 0.500555
v 1.389241 3.966406 0.500555
v 0.947692 3.821875 0.495251
v 1.392424 3.821875 0.495251
v 0.950303 3.677344 0.490899
v 1.395035 3.677344 0.490899
v 0.952244 3.532813 0.487664
v 1.396976 3.532813 0.487664
v 0.953439 3.388281 0.485673
v 1.398171 3.388281 0.485673
v 0.953842 3.243750 0.485000
v 1.398574 3.243750 0.485000
v 0.953439 3.099219 0.485673
v 1.398171 3.099219 0.485673
v 0.952244 2.954688 0.487664
v 1.396976 2.954688 0.487664
v 0.950303 2.810156 0.490899
v 1.395035 2.810156 0.490899
v 0.947692 2.665625 0.495251
v 1.392424 2.665625 0.495251
v 0.944509 2.521094 0.500555
v 1.389241 2.521094 0.500555
v 0.940879 2.376563 0.506606
v 1.385611 2.376563 0.506606
v 0.936939 2.232031 0.513172
v 1.381671 2.232031 0.513172
v 0.932842 2.087500 0.520000
v 1.377574 2.087500 0.520000
v 1.194449 4.400000 0.502857
v 1.639181 4.400000 0.502857
v 1.199717 4.255469 0.496029
v 1.644449 4.255469 0.496029
v 1.204782 4.110938 0.489463
v 1.649514 4.110938 0.489463
v 1.209450 3.966406 0.483412
v 1.654182 3.966406 0.483412
v 1.213541 3.821875 0.478108
v 1.658273 3.821875 0.478108
v 1.216899 3.677344 0.473756
v 1.661631 3.677344 0.473756
v 1.219394 3.532813 0.470521
v 1.664126 3.532813 0.470521
v 1.220931 3.388281 0.468530
v 1.665663 3.388281 0.468530
v 1.221449 3.243750 0.467857
v 1.666182 3.243750 0.467857
v 1.220931 3.099219 0.468530
v 1.665663 3.099219 0.468530
v 1.219394 2.954688 0.470521
v 1.664126 2.954688 0.470521
v 1.216899 2.810156 0.473756
v 1.661631 2.810156 0.473756
v 1.213541 2.665625 0.478108
v 1.658273 2.665625 0.478108
v 1.209450 2.521094 0.483412
v 1.654182 2.521094 0.483412
v 1.204782 2.376563 0.489463
v 1.649514 2.376563 0.489463
v 1.199717 2.232031 0.496029
v 1.644449 2.232031 0.496029
v 1.194449 2.087500 0.502857
v 1.639181 2.087500 0.502857
v 1.456057 4.400000 0.485714
v 1.900789 4.400000 0.485714
v 1.462494 4.255469 0.478886
v 1.907227 4.255469 0.478886
v 1.468685 4.110938 0.472320
v 1.913417 4.110938 0.472320
v 1.474390 3.966406 0.466269
v 1.919122 3.966406 0.466269
v 1.479391 3.821875 0.460966
v 1.924123 3.821875 0.460966
v 1.483495 3.677344 0.456613
v 1.928227 3.677344 0.456613
v 1.486545 3.532813 0.453378
v 1.931277 3.532813 0.453378
v 1.488423 3.388281 0.451387
v 1.933155 3.388281 0.451387
v 1.489057 3.243750 0.450714
v 1.933789 3.243750 0.450714
v 1.488423 3.099219 0.451387
v 1.933155 3.099219 0.451387
v 1.486545 2.954688 0.453378
v 1.931277 2.954688 0.453378
v 1.483495 2.810156 0.456613
v 1.928227 2.810156 0.456613
v 1.479391 2.665625 0.460966
v 1.924123 2.665625 0.460966
v 1.474390 2.521094 0.466269
v 1.919122 2.521094 0.466269
v 1.468685 2.376563 0.472320
v 1.913417 2.376563 0.472320
v 1.462494 2.232031 0.478886
v 1.907227 2.232031 0.478886
v 1.456057 2.087500 0.485714
v 1.900789 2.087500 0.485714
v 1.717664 4.400000 0.468571
v 2.070833 4.400000 0.468571
v 1.725272 4.255469 0.461743
v 2.078442 4.255469 0.461743
v 1.732588 4.110938 0.455178
v 2.085758 4.110938 0.455178
v 1.739331 3.966406 0.449126
v 2.092501 3.966406 0.449126
v 1.745241 3.821875 0.443823
v 2.098411 3.821875 0.443823
v 1.750091 3.677344 0.439470
v 2.103261 3.677344 0.439470
v 1.753695 3.532813 0.436236
v 2.106865 3.532813 0.436236
v 1.755914 3.388281 0.434244
v 2.109084 3.388281 0.434244
v 1.756664 3.243750 0.433571
v 2.109833 3.243750 0.433571
v 1.755914 3.099219 0.434244
v 2.109084 3.099219 0.434244
v 1.753695 2.954688 0.436236
v 2.106865 2.954688 0.436236
v 1.750091 2.810156 0.439470
v 2.103261 2.810156 0.439470
v 1.745241 2.665625 0.443823
v 2.098411 2.665625 0.443823
v 1.739331 2.521094 0.449126
v 2.092501 2.521094 0.449126
v 1.732588 2.376563 0.455178
v 2.085758 2.376563 0.455178
v 1.725272 2.232031 0.461743
v 2.078442 2.232031 0.461743
v 1.717664 2.087500 0.468571
v 2.070833 2.087500 0.468571
vn -0.0000 0.0472 -0.9989
vn -0.0000 0.0463 -0.9989
vn -0.0000 0.0436 -0.9991
vn -0.0000 0.0437 -0.9990
vn -0.0000 0.0392 -0.9992
vn -0.0000 0.0393 -0.9992
vn -0.0000 0.0333 -0.9994
vn -0.0000 0.0335 -0.9994
vn -0.0000 0.0262 -0.9997
vn -0.0000 0.0263 -0.9997
vn -0.0000 0.0180 -0.9998
vn -0.0000 0.0181 -0.9998
vn -0.0000 0.0092 -1.0000
vn -0.0000 -0.0000 -1.0000
vn -0.0000 -0.0092 -1.0000
vn -0.0000 -0.0180 -0.9998
vn -0.0000 -0.0181 -0.9998
vn -0.0000 -0.0262 -0.9997
vn -0.0000 -0.0263 -0.9997
vn -0.0000 -0.0333 -0.9994
vn -0.0000 -0.0335 -0.9994
vn -0.0000 -0.0392 -0.9992
vn -0.0000 -0.0393 -0.9992
vn -0.0000 -0.0436 -0.9991
vn -0.0000 -0.0437 -0.9990
vn -0.0000 -0.0463 -0.9989
vn -0.0000 -0.0472 -0.9989
vn -0.0000 0.0436 -0.9990
vn -0.0000 0.0334 -0.9994
vn -0.0000 -0.0334 -0.9994
vn -0.0000 -0.0436 -0.9990
vt 0.126953 0.687500
vt 0.209727 0.687500
vt 0.209727 0.664917
vt 0.126953 0.664917
vt 0.209727 0.642334
vt 0.126953 0.642334
vt 0.209727 0.619751
vt 0.126953 0.619751
vt 0.209727 0.597168
vt 0.126953 0.597168
vt 0.209727 0.574585
vt 0.126953 0.574585
vt 0.209727 0.552002
vt 0.126953 0.552002
vt 0.209727 0.529419
vt 0.126953 0.529419
vt 0.209727 0.506836
vt 0.126953 0.506836
vt 0.209727 0.484253
vt 0.126953 0.484253
vt 0.209727 0.461670
vt 0.126953 0.461670
vt 0.209727 0.439087
vt 0.126953 0.439087
vt 0.209727 0.416504
vt 0.126953 0.416504
vt 0.209727 0.393921
vt 0.126953 0.393921
vt 0.209727 0.371338
vt 0.126953 0.371338
vt 0.209727 0.348755
vt 0.126953 0.348755
vt 0.209727 0.326172
vt 0.126953 0.326172
vt 0.166807 0.687500
vt 0.271041 0.687500
vt 0.271041 0.664917
vt 0.166807 0.664917
vt 0.271041 0.642334
vt 0.166807 0.642334
vt 0.271041 0.619751
vt 0.166807 0.619751
vt 0.271041 0.597168
vt 0.166807 0.597168
vt 0.271041 0.574585
vt 0.166807 0.574585
vt 0.271041 0.552002
vt 0.166807 0.552002
vt 0.271041 0.529419
vt 0.166807 0.529419
vt 0.271041 0.506836
vt 0.166807 0.506836
vt 0.271041 0.484253
vt 0.166807 0.484253
vt 0.271041 0.461670
vt 0.166807 0.461670
vt 0.271041 0.439087
vt 0.166807 0.439087
vt 0.271041 0.416504
vt 0.166807 0.416504
vt 0.271041 0.393921
vt 0.166807 0.393921
vt 0.271041 0.371338
vt 0.166807 0.371338
vt 0.271041 0.348755
vt 0.166807 0.348755
vt 0.271041 0.326172
vt 0.166807 0.326172
vt 0.228122 0.687500
vt 0.332356 0.687500
vt 0.332356 0.664917
vt 0.228122 0.664917
vt 0.332356 0.642334
vt 0.228122 0.642334
vt 0.332356 0.619751
vt 0.228122 0.619751
vt 0.332356 0.597168
vt 0.228122 0.597168
vt 0.332356 0.574585
vt 0.228122 0.574585
vt 0.332356 0.552002
vt 0.228122 0.552002
vt 0.332356 0.529419
vt 0.228122 0.529419
vt 0.332356 0.506836
vt 0.228122 0.506836
vt 0.332356 0.484253
vt 0.228122 0.484253
vt 0.332356 0.461670
vt 0.228122 0.461670
vt 0.332356 0.439087
vt 0.228122 0.439087
vt 0.332356 0.416504
vt 0.228122 0.416504
vt 0.332356 0.393921
vt 0.228122 0.393921
vt 0.332356 0.371338
vt 0.228122 0.371338
vt 0.332356 0.348755
vt 0.228122 0.348755
vt 0.332356 0.326172
vt 0.228122 0.326172
vt 0.289436 0.687500
vt 0.393670 0.687500
vt 0.393670 0.664917
vt 0.289436 0.664917
vt 0.393670 0.642334
vt 0.289436 0.642334
vt 0.393670 0.619751
vt 0.289436 0.619751
vt 0.393670 0.597168
vt 0.289436 0.597168
vt 0.393670 0.574585
vt 0.289436 0.574585
vt 0.393670 0.552002
vt 0.289436 0.552002
vt 0.393670 0.529419
vt 0.289436 0.529419
vt 0.393670 0.506836
vt 0.289436 0.506836
vt 0.393670 0.484253
vt 0.289436 0.484253
vt 0.393670 0.461670
vt 0.289436 0.461670
vt 0.393670 0.439087
vt 0.289436 0.439087
vt 0.393670 0.416504
vt 0.289436 0.416504
vt 0.393670 0.393921
vt 0.289436 0.393921
vt 0.393670 0.371338
vt 0.289436 0.371338
vt 0.393670 0.348755
vt 0.289436 0.348755
vt 0.393670 0.326172
vt 0.289436 0.326172
vt 0.350750 0.687500
vt 0.454984 0.687500
vt 0.454984 0.664917
vt 0.350750 0.664917
vt 0.454984 0.642334
vt 0.350750 0.642334
vt 0.454984 0.619751
vt 0.350750 0.619751
vt 0.454984 0.597168
vt 0.350750 0.597168
vt 0.454984 0.574585
vt 0.350750 0.574585
vt 0.454984 0.552002
vt 0.350750 0.552002
vt 0.454984 0.529419
vt 0.350750 0.529419
vt 0.454984 0.506836
vt 0.350750 0.506836
vt 0.454984 0.484253
vt 0.350750 0.484253
vt 0.454984 0.461670
vt 0.350750 0.461670
vt 0.454984 0.439087
vt 0.350750 0.439087
vt 0.454984 0.416504
vt 0.350750 0.416504
vt 0.454984 0.393921
vt 0.350750 0.393921
vt 0.454984 0.371338
vt 0.350750 0.371338
vt 0.454984 0.348755
vt 0.350750 0.348755
vt 0.454984 0.326172
vt 0.350750 0.326172
vt 0.412064 0.687500
vt 0.516298 0.687500
vt 0.516298 0.664917
vt 0.412064 0.664917
vt 0.516298 0.642334
vt 0.412064 0.642334
vt 0.516298 0.619751
vt 0.412064 0.619751
vt 0.516298 0.597168
vt 0.412064 0.597168
vt 0.516298 0.574585
vt 0.412064 0.574585
vt 0.516298 0.552002
vt 0.412064 0.552002
vt 0.516298 0.529419
vt 0.412064 0.529419
vt 0.516298 0.506836
vt 0.412064 0.506836
vt 0.516298 0.484253
vt 0.412064 0.484253
vt 0.516298 0.461670
vt 0.412064 0.461670
vt 0.516298 0.439087
vt 0.412064 0.439087
vt 0.516298 0.416504
vt 0.412064 0.416504
vt 0.516298 0.393921
vt 0.412064 0.393921
vt 0.516298 0.371338
vt 0.412064 0.371338
vt 0.516298 0.348755
vt 0.412064 0.348755
vt 0.516298 0.326172
vt 0.412064 0.326172
vt 0.473378 0.687500
vt 0.577612 0.687500
vt 0.577612 0.664917
vt 0.473378 0.664917
vt 0.577612 0.642334
vt 0.473378 0.642334
vt 0.577612 0.619751
vt 0.473378 0.619751
vt 0.577612 0.597168
vt 0.473378 0.597168
vt 0.577612 0.574585
vt 0.473378 0.574585
vt 0.577612 0.552002
vt 0.473378 0.552002
vt 0.577612 0.529419
vt 0.473378 0.529419
vt 0.577612 0.506836
vt 0.473378 0.506836
vt 0.577612 0.484253
vt 0.473378 0.484253
vt 0.577612 0.461670
vt 0.473378 0.461670
vt 0.577612 0.439087
vt 0.473378 0.439087
vt 0.577612 0.416504
vt 0.473378 0.416504
vt 0.577612 0.393921
vt 0.473378 0.393921
vt 0.577612 0.371338
vt 0.473378 0.371338
vt 0.577612 0.348755
vt 0.473378 0.348755
vt 0.577612 0.326172
vt 0.473378 0.326172
vt 0.534692 0.687500
vt 0.638927 0.687500
vt 0.638927 0.664917
vt 0.534692 0.664917
vt 0.638927 0.642334
vt 0.534692 0.642334
vt 0.638927 0.619751
vt 0.534692 0.619751
vt 0.638927 0.597168
vt 0.534692 0.597168
vt 0.638927 0.574585
vt 0.534692 0.574585
vt 0.638927 0.552002
vt 0.534692 0.552002
vt 0.638927 0.529419
vt 0.534692 0.529419
vt 0.638927 0.506836
vt 0.534692 0.506836
vt 0.638927 0.484253
vt 0.534692 0.484253
vt 0.638927 0.461670
vt 0.534692 0.461670
vt 0.638927 0.439087
vt 0.534692 0.439087
vt 0.638927 0.416504
vt 0.534692 0.416504
vt 0.638927 0.393921
vt 0.534692 0.393921
vt 0.638927 0.371338
vt 0.534692 0.371338
vt 0.638927 0.348755
vt 0.534692 0.348755
vt 0.638927 0.326172
vt 0.534692 0.326172
vt 0.596007 0.687500
vt 0.700241 0.687500
vt 0.700241 0.664917
vt 0.596007 0.664917
vt 0.700241 0.642334
vt 0.596007 0.642334
vt 0.700241 0.619751
vt 0.596007 0.619751
vt 0.700241 0.597168
vt 0.596007 0.597168
vt 0.700241 0.574585
vt 0.596007 0.574585
vt 0.700241 0.552002
vt 0.596007 0.552002
vt 0.700241 0.529419
vt 0.596007 0.529419
vt 0.700241 0.506836
vt 0.596007 0.506836
vt 0.700241 0.484253
vt 0.596007 0.484253
vt 0.700241 0.461670
vt 0.596007 0.461670
vt 0.700241 0.439087
vt 0.596007 0.439087
vt 0.700241 0.416504
vt 0.596007 0.416504
vt 0.700241 0.393921
vt 0.596007 0.393921
vt 0.700241 0.371338
vt 0.596007 0.371338
vt 0.700241 0.348755
vt 0.596007 0.348755
vt 0.700241 0.326172
vt 0.596007 0.326172
vt 0.657321 0.687500
vt 0.761555 0.687500
vt 0.761555 0.664917
vt 0.657321 0.664917
vt 0.761555 0.642334
vt 0.657321 0.642334
vt 0.761555 0.619751
vt 0.657321 0.619751
vt 0.761555 0.597168
vt 0.657321 0.597168
vt 0.761555 0.574585
vt 0.657321 0.574585
vt 0.761555 0.552002
vt 0.657321 0.552002
vt 0.761555 0.529419
vt 0.657321 0.529419
vt 0.761555 0.506836
vt 0.657321 0.506836
vt 0.761555 0.484253
vt 0.657321 0.484253
vt 0.761555 0.461670
vt 0.657321 0.461670
vt 0.761555 0.439087
vt 0.657321 0.439087
vt 0.761555 0.416504
vt 0.657321 0.416504
vt 0.761555 0.393921
vt 0.657321 0.393921
vt 0.761555 0.371338
vt 0.657321 0.371338
vt 0.761555 0.348755
vt 0.657321 0.348755
vt 0.761555 0.326172
vt 0.657321 0.326172
vt 0.718635 0.687500
vt 0.822869 0.687500
vt 0.822869 0.664917
vt 0.718635 0.664917
vt 0.822869 0.642334
vt 0.718635 0.642334
vt 0.822869 0.619751
vt 0.718635 0.619751
vt 0.822869 0.597168
vt 0.718635 0.597168
vt 0.822869 0.574585
vt 0.718635 0.574585
vt 0.822869 0.552002
vt 0.718635 0.552002
vt 0.822869 0.529419
vt 0.718635 0.529419
vt 0.822869 0.506836
vt 0.718635 0.506836
vt 0.822869 0.484253
vt 0.718635 0.484253
vt 0.822869 0.461670
vt 0.718635 0.461670
vt 0.822869 0.439087
vt 0.718635 0.439087
vt 0.822869 0.416504
vt 0.718635 0.416504
vt 0.822869 0.393921
vt 0.718635 0.393921
vt 0.822869 0.371338
vt 0.718635 0.371338
vt 0.822869 0.348755
vt 0.718635 0.348755
vt 0.822869 0.326172
vt 0.718635 0.326172
vt 0.779949 0.687500
vt 0.884183 0.687500
vt 0.884183 0.664917
vt 0.779949 0.664917
vt 0.884183 0.642334
vt 0.779949 0.642334
vt 0.884183 0.619751
vt 0.779949 0.619751
vt 0.884183 0.597168
vt 0.779949 0.597168
vt 0.884183 0.574585
vt 0.779949 0.574585
vt 0.884183 0.552002
vt 0.779949 0.552002
vt 0.884183 0.529419
vt 0.779949 0.529419
vt 0.884183 0.506836
vt 0.779949 0.506836
vt 0.884183 0.484253
vt 0.779949 0.484253
vt 0.884183 0.461670
vt 0.779949 0.461670
vt 0.884183 0.439087
vt 0.779949 0.439087
vt 0.884183 0.416504
vt 0.779949 0.416504
vt 0.884183 0.393921
vt 0.779949 0.393921
vt 0.884183 0.371338
vt 0.779949 0.371338
vt 0.884183 0.348755
vt 0.779949 0.348755
vt 0.884183 0.326172
vt 0.779949 0.326172
vt 0.841263 0.687500
vt 0.945497 0.687500
vt 0.945497 0.664917
vt 0.841263 0.664917
vt 0.945497 0.642334
vt 0.841263 0.642334
vt 0.945497 0.619751
vt 0.841263 0.619751
vt 0.945497 0.597168
vt 0.841263 0.597168
vt 0.945497 0.574585
vt 0.841263 0.574585
vt 0.945497 0.552002
vt 0.841263 0.552002
vt 0.945497 0.529419
vt 0.841263 0.529419
vt 0.945497 0.506836
vt 0.841263 0.506836
vt 0.945497 0.484253
vt 0.841263 0.484253
vt 0.945497 0.461670
vt 0.841263 0.461670
vt 0.945497 0.439087
vt 0.841263 0.439087
vt 0.945497 0.416504
vt 0.841263 0.416504
vt 0.945497 0.393921
vt 0.841263 0.393921
vt 0.945497 0.371338
vt 0.841263 0.371338
vt 0.945497 0.348755
vt 0.841263 0.348755
vt 0.945497 0.326172
vt 0.841263 0.326172
vt 0.902577 0.687500
vt 0.985352 0.687500
vt 0.985352 0.664917
vt 0.902577 0.664917
vt 0.985352 0.642334
vt 0.902577 0.642334
vt 0.985352 0.619751
vt 0.902577 0.619751
vt 0.985352 0.597168
vt 0.902577 0.597168
vt 0.985352 0.574585
vt 0.902577 0.574585
vt 0.985352 0.552002
vt 0.902577 0.552002
vt 0.985352 0.529419
vt 0.902577 0.529419
vt 0.985352 0.506836
vt 0.902577 0.506836
vt 0.985352 0.484253
vt 0.902577 0.484253
vt 0.985352 0.461670
vt 0.902577 0.461670
vt 0.985352 0.439087
vt 0.902577 0.439087
vt 0.985352 0.416504
vt 0.902577 0.416504
vt 0.985352 0.393921
vt 0.902577 0.393921
vt 0.985352 0.371338
vt 0.902577 0.371338
vt 0.985352 0.348755
vt 0.902577 0.348755
vt 0.985352 0.326172
vt 0.902577 0.326172
s 1
usemtl back_hair_alpha
f 1/1/1 2/2/1 4/3/2 3/4/2
f 3/4/2 4/3/2 6/5/4 5/6/3
f 5/6/3 6/5/4 8/7/6 7/8/5
f 7/8/5 8/7/6 10/9/8 9/10/7
f 9/10/7 10/9/8 12/11/10 11/12/9
f 11/12/9 12/11/10 14/13/12 13/14/11
f 13/14/11 14/13/12 16/15/13 15/16/13
f 15/16/13 16/15/13 18/17/14 17/18/14
f 17/18/14 18/17/14 20/19/15 19/20/15
f 19/20/15 20/19/15 22/21/17 21/22/16
f 21/22/16 22/21/17 24/23/19 23/24/18
f 23/24/18 24/23/19 26/25/21 25/26/20
f 25/26/20 26/25/21 28/27/23 27/28/22
f 27/28/22 28/27/23 30/29/25 29/30/24
f 29/30/24 30/29/25 32/31/26 31/32/26
f 31/32/26 32/31/26 34/33/27 33/34/27
f 35/35/1 36/36/1 38/37/2 37/38/2
f 37/38/2 38/37/2 40/39/4 39/40/3
f 39/40/3 40/39/4 42/41/6 41/42/5
f 41/42/5 42/41/6 44/43/8 43/44/7
f 43/44/7 44/43/8 46/45/10 45/46/9
f 45/46/9 46/45/10 48/47/12 47/48/11
f 47/48/11 48/47/12 50/49/13 49/50/13
f 49/50/13 50/49/13 52/51/14 51/52/14
f 51/52/14 52/51/14 54/53/15 53/54/15
f 53/54/15 54/53/15 56/55/17 55/56/16
f 55/56/16 56/55/17 58/57/19 57/58/18
f 57/58/18 58/57/19 60/59/21 59/60/20
f 59/60/20 60/59/21 62/61/23 61/62/22
f 61/62/22 62/61/23 64/63/25 63/64/24
f 63/64/24 64/63/25 66/65/26 65/66/26
f 65/66/26 66/65/26 68/67/27 67/68/27
f 69/69/1 70/70/1 72/71/2 71/72/2
f 71/72/2 72/71/2 74/73/28 73/74/3
f 73/74/3 74/73/28 76/75/6 75/76/5
f 75/76/5 76/75/6 78/77/29 77/78/7
f 77/78/7 78/77/29 80/79/10 79/80/9
f 79/80/9 80/79/10 82/81/12 81/82/11
f 81/82/11 82/81/12 84/83/13 83/84/13
f 83/84/13 84/83/13 86/85/14 85/86/14
f 85/86/14 86/85/14 88/87/15 87/88/15
f 87/88/15 88/87/15 90/89/17 89/90/16
f 89/90/16 90/89/17 92/91/19 91/92/18
f 91/92/18 92/91/19 94/93/30 93/94/20
f 93/94/20 94/93/30 96/95/23 95/96/22
f 95/96/22 96/95/23 98/97/31 97/98/24
f 97/98/24 98/97/31 100/99/26 99/100/26
f 99/100/26 100/99/26 102/101/27 101/102/27
f 103/103/1 104/104/1 106/105/2 105/106/2
f 105/106/2 106/105/2 108/107/28 107/108/3
f 107/108/3 108/107/28 110/109/6 109/110/5
f 109/110/5 110/109/6 112/111/29 111/112/7
f 111/112/7 112/111/29 114/113/10 113/114/9
f 113/114/9 114/113/10 116/115/12 115/116/11
f 115/116/11 116/115/12 118/117/13 117/118/13
f 117/118/13 118/117/13 120/119/14 119/120/14
f 119/120/14 120/119/14 122/121/15 121/122/15
f 121/122/15 122/121/15 124/123/17 123/124/16
f 123/124/16 124/123/17 126/125/19 125/126/18
f 125/126/18 126/125/19 128/127/30 127/128/20
f 127/128/20 128/127/30 130/129/23 129/130/22
f 129/130/22 130/129/23 132/131/31 131/132/24
f 131/132/24 132/131/31 134/133/26 133/134/26
f 133/134/26 134/133/26 136/135/27 135/136/27
f 137/137/1 138/138/1 140/139/2 139/140/2
f 139/140/2 140/139/2 142/141/28 141/142/28
f 141/142/28 142/141/28 144/143/6 143/144/5
f 143/144/5 144/143/6 146/145/29 145/146/29
f 145/146/29 146/145/29 148/147/10 147/148/9
f 147/148/9 148/147/10 150/149/12 149/150/12
f 149/150/12 150/149/12 152/151/13 151/152/13
f 151/152/13 152/151/13 154/153/14 153/154/14
f 153/154/14 154/153/14 156/155/15 155/156/15
f 155/156/15 156/155/15 158/157/17 157/158/17
f 157/158/17 158/157/17 160/159/19 159/160/18
f 159/160/18 160/159/19 162/161/30 161/162/30
f 161/162/30 162/161/30 164/163/23 163/164/22
f 163/164/22 164/163/23 166/165/31 165/166/31
f 165/166/31 166/165/31 168/167/26 167/168/26
f 167/168/26 168/167/26 170/169/27 169/170/27
f 171/171/1 172/172/1 174/173/2 173/174/2
f 173/174/2 174/173/2 176/175/28 175/176/28
f 175/176/28 176/175/28 178/177/6 177/178/5
f 177/178/5 178/177/6 180/179/29 179/180/29
f 179/180/29 180/179/29 182/181/10 181/182/9
f 181/182/9 182/181/10 184/183/12 183/184/12
f 183/184/12 184/183/12 186/185/13 185/186/13
f 185/186/13 186/185/13 188/187/14 187/188/14
f 187/188/14 188/187/14 190/189/15 189/190/15
f 189/190/15 190/189/15 192/191/17 191/192/17
f 191/192/17 192/191/17 194/193/19 193/194/18
f 193/194/18 194/193/19 196/195/30 195/196/30
f 195/196/30 196/195/30 198/197/23 197/198/22
f 197/198/22 198/197/23 200/199/31 199/200/31
f 199/200/31 200/199/31 202/201/26 201/202/26
f 201/202/26 202/201/26 204/203/27 203/204/27
f 205/205/1 206/206/1 208/207/2 207/208/2
f 207/208/2 208/207/2 210/209/28 209/210/28
f 209/210/28 210/209/28 212/211/6 211/212/5
f 211/212/5 212/211/6 214/213/29 213/214/29
f 213/214/29 214/213/29 216/215/9 215/216/9
f 215/216/9 216/215/9 218/217/12 217/218/12
f 217/218/12 218/217/12 220/219/13 219/220/13
f 219/220/13 220/219/13 222/221/14 221/222/14
f 221/222/14 222/221/14 224/223/15 223/224/15
f 223/224/15 224/223/15 226/225/17 225/226/17
f 225/226/17 226/225/17 228/227/18 227/228/18
f 227/228/18 228/227/18 230/229/30 229/230/30
f 229/230/30 230/229/30 232/231/23 231/232/22
f 231/232/22 232/231/23 234/233/31 233/234/31
f 233/234/31 234/233/31 236/235/26 235/236/26
f 235/236/26 236/235/26 238/237/27 237/238/27
f 239/239/1 240/240/1 242/241/2 241/242/2
f 241/242/2 242/241/2 244/243/28 243/244/28
f 243/244/28 244/243/28 246/245/5 245/246/6
f 245/246/6 246/245/5 248/247/29 247/248/29
f 247/248/29 248/247/29 250/249/9 249/250/9
f 249/250/9 250/249/9 252/251/12 251/252/12
f 251/252/12 252/251/12 254/253/13 253/254/13
f 253/254/13 254/253/13 256/255/14 255/256/14
f 255/256/14 256/255/14 258/257/15 257/258/15
f 257/258/15 258/257/15 260/259/17 259/260/17
f 259/260/17 260/259/17 262/261/18 261/262/18
f 261/262/18 262/261/18 264/263/30 263/264/30
f 263/264/30 264/263/30 266/265/22 265/266/23
f 265/266/23 266/265/22 268/267/31 267/268/31
f 267/268/31 268/267/31 270/269/26 269/270/26
f 269/270/26 270/269/26 272/271/27 271/272/27
f 273/273/1 274/274/1 276/275/2 275/276/2
f 275/276/2 276/275/2 278/277/28 277/278/28
f 277/278/28 278/277/28 280/279/5 279/280/6
f 279/280/6 280/279/5 282/281/29 281/282/29
f 281/282/29 282/281/29 284/283/9 283/284/10
f 283/284/10 284/283/9 286/285/12 285/286/12
f 285/286/12 286/285/12 288/287/13 287/288/13
f 287/288/13 288/287/13 290/289/14 289/290/14
f 289/290/14 290/289/14 292/291/15 291/292/15
f 291/292/15 292/291/15 294/293/17 293/294/17
f 293/294/17 294/293/17 296/295/18 295/296/19
f 295/296/19 296/295/18 298/297/30 297/298/30
f 297/298/30 298/297/30 300/299/22 299/300/23
f 299/300/23 300/299/22 302/301/31 301/302/31
f 301/302/31 302/301/31 304/303/26 303/304/26
f 303/304/26 304/303/26 306/305/27 305/306/27
f 307/307/1 308/308/1 310/309/2 309/310/2
f 309/310/2 310/309/2 312/311/28 311/312/28
f 311/312/28 312/311/28 314/313/5 313/314/6
f 313/314/6 314/313/5 316/315/29 315/316/29
f 315/316/29 316/315/29 318/317/9 317/318/10
f 317/318/10 318/317/9 320/319/12 319/320/12
f 319/320/12 320/319/12 322/321/13 321/322/13
f 321/322/13 322/321/13 324/323/14 323/324/14
f 323/324/14 324/323/14 326/325/15 325/326/15
f 325/326/15 326/325/15 328/327/17 327/328/17
f 327/328/17 328/327/17 330/329/18 329/330/19
f 329/330/19 330/329/18 332/331/30 331/332/30
f 331/332/30 332/331/30 334/333/22 333/334/23
f 333/334/23 334/333/22 336/335/31 335/336/31
f 335/336/31 336/335/31 338/337/26 337/338/26
f 337/338/26 338/337/26 340/339/27 339/340/27
f 341/341/1 342/342/1 344/343/2 343/344/2
f 343/344/2 344/343/2 346/345/3 345/346/28
f 345/346/28 346/345/3 348/347/5 347/348/6
f 347/348/6 348/347/5 350/349/7 349/350/29
f 349/350/29 350/349/7 352/351/9 351/352/10
f 351/352/10 352/351/9 354/353/11 353/354/12
f 353/354/12 354/353/11 356/355/13 355/356/13
f 355/356/13 356/355/13 358/357/14 357/358/14
f 357/358/14 358/357/14 360/359/15 359/360/15
f 359/360/15 360/359/15 362/361/16 361/362/17
f 361/362/17 362/361/16 364/363/18 363/364/19
f 363/364/19 364/363/18 366/365/20 365/366/30
f 365/366/30 366/365/20 368/367/22 367/368/23
f 367/368/23 368/367/22 370/369/24 369/370/31
f 369/370/31 370/369/24 372/371/26 371/372/26
f 371/372/26 372/371/26 374/373/27 373/374/27
f 375/375/1 376/376/1 378/377/2 377/378/2
f 377/378/2 378/377/2 380/379/3 379/380/28
f 379/380/28 380/379/3 382/381/5 381/382/6
f 381/382/6 382/381/5 384/383/7 383/384/29
f 383/384/29 384/383/7 386/385/9 385/386/10
f 385/386/10 386/385/9 388/387/11 387/388/12
f 387/388/12 388/387/11 390/389/13 389/390/13
f 389/390/13 390/389/13 392/391/14 391/392/14
f 391/392/14 392/391/14 394/393/15 393/394/15
f 393/394/15 394/393/15 396/395/16 395/396/17
f 395/396/17 396/395/16 398/397/18 397/398/19
f 397/398/19 398/397/18 400/399/20 399/400/30
f 399/400/30 400/399/20 402/401/22 401/402/23
f 401/402/23 402/401/22 404/403/24 403/404/31
f 403/404/31 404/403/24 406/405/26 405/406/26
f 405/406/26 406/405/26 408/407/27 407/408/27
f 409/409/1 410/410/1 412/411/2 411/412/2
f 411/412/2 412/411/2 414/413/3 413/414/4
f 413/414/4 414/413/3 416/415/5 415/416/6
f 415/416/6 416/415/5 418/417/7 417/418/8
f 417/418/8 418/417/7 420/419/9 419/420/10
f 419/420/10 420/419/9 422/421/11 421/422/12
f 421/422/12 422/421/11 424/423/13 423/424/13
f 423/424/13 424/423/13 426/425/14 425/426/14
f 425/426/14 426/425/14 428/427/15 427/428/15
f 427/428/15 428/427/15 430/429/16 429/430/17
f 429/430/17 430/429/16 432/431/18 431/432/19
f 431/432/19 432/431/18 434/433/20 433/434/21
f 433/434/21 434/433/20 436/435/22 435/436/23
f 435/436/23 436/435/22 438/437/24 437/438/25
f 437/438/25 438/437/24 440/439/26 439/440/26
f 439/440/26 440/439/26 442/441/27 441/442/27
f 443/443/1 444/444/1 446/445/2 445/446/2
f 445/446/2 446/445/2 448/447/3 447/448/4
f 447/448/4 448/447/3 450/449/5 449/450/6
f 449/450/6 450/449/5 452/451/7 451/452/8
f 451/452/8 452/451/7 454/453/9 453/454/10
f 453/454/10 454/453/9 456/455/11 455/456/12
f 455/456/12 456/455/11 458/457/13 457/458/13
f 457/458/13 458/457/13 460/459/14 459/460/14
f 459/460/14 460/459/14 462/461/15 461/462/15
f 461/462/15 462/461/15 464/463/16 463/464/17
f 463/464/17 464/463/16 466/465/18 465/466/19
f 465/466/19 466/465/18 468/467/20 467/468/21
f 467/468/21 468/467/20 470/469/22 469/470/23
f 469/470/23 470/469/22 472/471/24 471/472/25
f 471/472/25 472/471/24 474/473/26 473/474/26
f 473/474/26 474/473/26 476/475/27 475/476/27
o side_hair_left
v -1.575000 5.600000 -0.055000
v -1.340625 5.600000 -0.055000
v -1.579097 5.435937 -0.061828
v -1.344722 5.435937 -0.061828
v -1.583036 5.271875 -0.068394
v -1.348661 5.271875 -0.068394
v -1.586667 5.107812 -0.074445
v -1.352292 5.107812 -0.074445
v -1.589849 4.943750 -0.079749
v -1.355474 4.943750 -0.079749
v -1.592461 4.779687 -0.084101
v -1.358086 4.779687 -0.084101
v -1.594401 4.615625 -0.087336
v -1.360026 4.615625 -0.087336
v -1.595596 4.451562 -0.089327
v -1.361221 4.451562 -0.089327
v -1.596000 4.287500 -0.090000
v -1.361625 4.287500 -0.090000
v -1.595596 4.123437 -0.089327
v -1.361221 4.123437 -0.089327
v -1.594401 3.959375 -0.087336
v -1.360026 3.959375 -0.087336
v -1.592461 3.795312 -0.084101
v -1.358086 3.795312 -0.084101
v -1.589849 3.631250 -0.079749
v -1.355474 3.631250 -0.079749
v -1.586667 3.467187 -0.074445
v -1.352292 3.467187 -0.074445
v -1.583036 3.303125 -0.068394
v -1.348661 3.303125 -0.068394
v -1.579097 3.139062 -0.061828
v -1.344722 3.139062 -0.061828
v -1.575000 2.975000 -0.055000
v -1.340625 2.975000 -0.055000
v -1.418750 5.600000 -0.085000
v -1.145313 5.600000 -0.085000
v -1.421676 5.435937 -0.091828
v -1.148239 5.435937 -0.091828
v -1.424490 5.271875 -0.098394
v -1.151053 5.271875 -0.098394
v -1.427084 5.107812 -0.104445
v -1.153646 5.107812 -0.104445
v -1.429357 4.943750 -0.109749
v -1.155919 4.943750 -0.109749
v -1.431222 4.779687 -0.114101
v -1.157785 4.779687 -0.114101
v -1.432608 4.615625 -0.117336
v -1.159171 4.615625 -0.117336
v -1.433462 4.451562 -0.119327
v -1.160024 4.451562 -0.119327
v -1.433750 4.287500 -0.120000
v -1.160313 4.287500 -0.120000
v -1.433462 4.123437 -0.119327
v -1.160024 4.123437 -0.119327
v -1.432608 3.959375 -0.117336
v -1.159171 3.959375 -0.117336
v -1.431222 3.795312 -0.114101
v -1.157785 3.795312 -0.114101
v -1.429357 3.631250 -0.109749
v -1.155919 3.631250 -0.109749
v -1.427084 3.467187 -0.104445
v -1.153646 3.467187 -0.104445
v -1.424490 3.303125 -0.098394
v -1.151053 3.303125 -0.098394
v -1.421676 3.139062 -0.091828
v -1.148239 3.139062 -0.091828
v -1.418750 2.975000 -0.085000
v -1.145313 2.975000 -0.085000
v -1.223438 5.600000 -0.115000
v -0.950000 5.600000 -0.115000
v -1.225193 5.435937 -0.121828
v -0.951756 5.435937 -0.121828
v -1.226882 5.271875 -0.128394
v -0.953444 5.271875 -0.128394
v -1.228438 5.107812 -0.134445
v -0.955000 5.107812 -0.134445
v -1.229801 4.943750 -0.139749
v -0.956364 4.943750 -0.139749
v -1.230921 4.779687 -0.144101
v -0.957483 4.779687 -0.144101
v -1.231752 4.615625 -0.147336
v -0.958315 4.615625 -0.147336
v -1.232265 4.451562 -0.149327
v -0.958827 4.451562 -0.149327
v -1.232437 4.287500 -0.150000
v -0.959000 4.287500 -0.150000
v -1.232265 4.123437 -0.149327
v -0.958827 4.123437 -0.149327
v -1.231752 3.959375 -0.147336
v -0.958315 3.959375 -0.147336
v -1.230921 3.795312 -0.144101
v -0.957483 3.795312 -0.144101
v -1.229801 3.631250 -0.139749
v -0.956364 3.631250 -0.139749
v -1.228438 3.467187 -0.134445
v -0.955000 3.467187 -0.134445
v -1.226882 3.303125 -0.128394
v -0.953444 3.303125 -0.128394
v -1.225193 3.139062 -0.121828
v -0.951756 3.139062 -0.121828
v -1.223438 2.975000 -0.115000
v -0.950000 2.975000 -0.115000
v -1.028125 5.600000 -0.145000
v -0.754687 5.600000 -0.145000
v -1.028710 5.435937 -0.151828
v -0.755273 5.435937 -0.151828
v -1.029273 5.271875 -0.158394
v -0.755836 5.271875 -0.158394
v -1.029792 5.107812 -0.164445
v -0.756354 5.107812 -0.164445
v -1.030246 4.943750 -0.169749
v -0.756809 4.943750 -0.169749
v -1.030619 4.779687 -0.174101
v -0.757182 4.779687 -0.174101
v -1.030897 4.615625 -0.177336
v -0.757459 4.615625 -0.177336
v -1.031067 4.451562 -0.179327
v -0.757630 4.451562 -0.179327
v -1.031125 4.287500 -0.180000
v -0.757688 4.287500 -0.180000
v -1.031067 4.123437 -0.179327
v -0.757630 4.123437 -0.179327
v -1.030897 3.959375 -0.177336
v -0.757459 3.959375 -0.177336
v -1.030619 3.795312 -0.174101
v -0.757182 3.795312 -0.174101
v -1.030246 3.631250 -0.169749
v -0.756809 3.631250 -0.169749
v -1.029792 3.467187 -0.164445
v -0.756354 3.467187 -0.164445
v -1.029273 3.303125 -0.158394
v -0.755836 3.303125 -0.158394
v -1.028710 3.139062 -0.151828
v -0.755273 3.139062 -0.151828
v -1.028125 2.975000 -0.145000
v -0.754687 2.975000 -0.145000
v -0.832812 5.600000 -0.175000
v -0.559375 5.600000 -0.175000
v -0.832227 5.435937 -0.181828
v -0.558790 5.435937 -0.181828
v -0.831664 5.271875 -0.188394
v -0.558227 5.271875 -0.188394
v -0.831146 5.107812 -0.194445
v -0.557708 5.107812 -0.194445
v -0.830691 4.943750 -0.199749
v -0.557254 4.943750 -0.199749
v -0.830318 4.779687 -0.204101
v -0.556881 4.779687 -0.204101
v -0.830041 4.615625 -0.207336
v -0.556603 4.615625 -0.207336
v -0.829870 4.451562 -0.209327
v -0.556433 4.451562 -0.209327
v -0.829813 4.287500 -0.210000
v -0.556375 4.287500 -0.210000
v -0.829870 4.123437 -0.209327
v -0.556433 4.123437 -0.209327
v -0.830041 3.959375 -0.207336
v -0.556603 3.959375 -0.207336
v -0.830318 3.795312 -0.204101
v -0.556881 3.795312 -0.204101
v -0.830691 3.631250 -0.199749
v -0.557254 3.631250 -0.199749
v -0.831146 3.467187 -0.194445
v -0.557708 3.467187 -0.194445
v -0.831664 3.303125 -0.188394
v -0.558227 3.303125 -0.188394
v -0.832227 3.139062 -0.181828
v -0.558790 3.139062 -0.181828
v -0.832812 2.975000 -0.175000
v -0.559375 2.975000 -0.175000
v -0.637500 5.600000 -0.205000
v -0.364062 5.600000 -0.205000
v -0.635744 5.435937 -0.211828
v -0.362307 5.435937 -0.211828
v -0.634056 5.271875 -0.218394
v -0.360618 5.271875 -0.218394
v -0.632500 5.107812 -0.224445
v -0.359062 5.107812 -0.224445
v -0.631136 4.943750 -0.229749
v -0.357699 4.943750 -0.229749
v -0.630017 4.779687 -0.234101
v -0.356579 4.779687 -0.234101
v -0.629185 4.615625 -0.237336
v -0.355748 4.615625 -0.237336
v -0.628673 4.451562 -0.239327
v -0.355235 4.451562 -0.239327
v -0.628500 4.287500 -0.240000
v -0.355063 4.287500 -0.240000
v -0.628673 4.123437 -0.239327
v -0.355235 4.123437 -0.239327
v -0.629185 3.959375 -0.237336
v -0.355748 3.959375 -0.237336
v -0.630017 3.795312 -0.234101
v -0.356579 3.795312 -0.234101
v -0.631136 3.631250 -0.229749
v -0.357699 3.631250 -0.229749
v -0.632500 3.467187 -0.224445
v -0.359062 3.467187 -0.224445
v -0.634056 3.303125 -0.218394
v -0.360618 3.303125 -0.218394
v -0.635744 3.139062 -0.211828
v -0.362307 3.139062 -0.211828
v -0.637500 2.975000 -0.205000
v -0.364062 2.975000 -0.205000
v -0.442187 5.600000 -0.235000
v -0.168750 5.600000 -0.235000
v -0.439261 5.435937 -0.241828
v -0.165824 5.435937 -0.241828
v -0.436447 5.271875 -0.248394
v -0.163010 5.271875 -0.248394
v -0.433854 5.107812 -0.254445
v -0.160416 5.107812 -0.254445
v -0.431581 4.943750 -0.259749
v -0.158143 4.943750 -0.259749
v -0.429715 4.779687 -0.264101
v -0.156278 4.779687 -0.264101
v -0.428329 4.615625 -0.267336
v -0.154892 4.615625 -0.267336
v -0.427476 4.451562 -0.269327
v -0.154038 4.451562 -0.269327
v -0.427188 4.287500 -0.270000
v -0.153750 4.287500 -0.270000
v -0.427476 4.123437 -0.269327
v -0.154038 4.123437 -0.269327
v -0.428329 3.959375 -0.267336
v -0.154892 3.959375 -0.267336
v -0.429715 3.795312 -0.264101
v -0.156278 3.795312 -0.264101
v -0.431581 3.631250 -0.259749
v -0.158143 3.631250 -0.259749
v -0.433854 3.467187 -0.254445
v -0.160416 3.467187 -0.254445
v -0.436447 3.303125 -0.248394
v -0.163010 3.303125 -0.248394
v -0.439261 3.139062 -0.241828
v -0.165824 3.139062 -0.241828
v -0.442187 2.975000 -0.235000
v -0.168750 2.975000 -0.235000
v -0.246875 5.600000 -0.265000
v -0.012500 5.600000 -0.265000
v -0.242778 5.435937 -0.271828
v -0.008403 5.435937 -0.271828
v -0.238839 5.271875 -0.278394
v -0.004464 5.271875 -0.278394
v -0.235208 5.107812 -0.284445
v -0.000833 5.107812 -0.284445
v -0.232026 4.943750 -0.289749
v 0.002349 4.943750 -0.289749
v -0.229414 4.779687 -0.294101
v 0.004961 4.779687 -0.294101
v -0.227474 4.615625 -0.297336
v 0.006901 4.615625 -0.297336
v -0.226279 4.451562 -0.299327
v 0.008096 4.451562 -0.299327
v -0.225875 4.287500 -0.300000
v 0.008500 4.287500 -0.300000
v -0.226279 4.123437 -0.299327
v 0.008096 4.123437 -0.299327
v -0.227474 3.959375 -0.297336
v 0.006901 3.959375 -0.297336
v -0.229414 3.795312 -0.294101
v 0.004961 3.795312 -0.294101
v -0.232026 3.631250 -0.289749
v 0.002349 3.631250 -0.289749
v -0.235208 3.467187 -0.284445
v -0.000833 3.467187 -0.284445
v -0.238839 3.303125 -0.278394
v -0.004464 3.303125 -0.278394
v -0.242778 3.139062 -0.271828
v -0.008403 3.139062 -0.271828
v -0.246875 2.975000 -0.265000
v -0.012500 2.975000 -0.265000
vn -0.0000 0.0416 -0.9991
vn -0.0000 0.0408 -0.9992
vn -0.0000 0.0384 -0.9993
vn -0.0000 0.0346 -0.9994
vn -0.0000 0.0294 -0.9996
vn -0.0000 0.0231 -0.9997
vn -0.0000 0.0159 -0.9999
vn -0.0000 0.0081 -1.0000
vn -0.0000 -0.0000 -1.0000
vn -0.0000 -0.0081 -1.0000
vn -0.0000 -0.0159 -0.9999
vn -0.0000 -0.0231 -0.9997
vn -0.0000 -0.0294 -0.9996
vn -0.0000 -0.0346 -0.9994
vn -0.0000 -0.0384 -0.9993
vn -0.0000 -0.0408 -0.9992
vn -0.0000 -0.0416 -0.9991
vt 0.130859 0.875000
vt 0.185791 0.875000
vt 0.185791 0.849365
vt 0.130859 0.849365
vt 0.185791 0.823730
vt 0.130859 0.823730
vt 0.185791 0.798096
vt 0.130859 0.798096
vt 0.185791 0.772461
vt 0.130859 0.772461
vt 0.185791 0.746826
vt 0.130859 0.746826
vt 0.185791 0.721191
vt 0.130859 0.721191
vt 0.185791 0.695557
vt 0.130859 0.695557
vt 0.185791 0.669922
vt 0.130859 0.669922
vt 0.185791 0.644287
vt 0.130859 0.644287
vt 0.185791 0.618652
vt 0.130859 0.618652
vt 0.185791 0.593018
vt 0.130859 0.593018
vt 0.185791 0.567383
vt 0.130859 0.567383
vt 0.185791 0.541748
vt 0.130859 0.541748
vt 0.185791 0.516113
vt 0.130859 0.516113
vt 0.185791 0.490479
vt 0.130859 0.490479
vt 0.185791 0.464844
vt 0.130859 0.464844
vt 0.167480 0.875000
vt 0.231567 0.875000
vt 0.231567 0.849365
vt 0.167480 0.849365
vt 0.231567 0.823730
vt 0.167480 0.823730
vt 0.231567 0.798096
vt 0.167480 0.798096
vt 0.231567 0.772461
vt 0.167480 0.772461
vt 0.231567 0.746826
vt 0.167480 0.746826
vt 0.231567 0.721191
vt 0.167480 0.721191
vt 0.231567 0.695557
vt 0.167480 0.695557
vt 0.231567 0.669922
vt 0.167480 0.669922
vt 0.231567 0.644287
vt 0.167480 0.644287
vt 0.231567 0.618652
vt 0.167480 0.618652
vt 0.231567 0.593018
vt 0.167480 0.593018
vt 0.231567 0.567383
vt 0.167480 0.567383
vt 0.231567 0.541748
vt 0.167480 0.541748
vt 0.231567 0.516113
vt 0.167480 0.516113
vt 0.231567 0.490479
vt 0.167480 0.490479
vt 0.231567 0.464844
vt 0.167480 0.464844
vt 0.213257 0.875000
vt 0.277344 0.875000
vt 0.277344 0.849365
vt 0.213257 0.849365
vt 0.277344 0.823730
vt 0.213257 0.823730
vt 0.277344 0.798096
vt 0.213257 0.798096
vt 0.277344 0.772461
vt 0.213257 0.772461
vt 0.277344 0.746826
vt 0.213257 0.746826
vt 0.277344 0.721191
vt 0.213257 0.721191
vt 0.277344 0.695557
vt 0.213257 0.695557
vt 0.277344 0.669922
vt 0.213257 0.669922
vt 0.277344 0.644287
vt 0.213257 0.644287
vt 0.277344 0.618652
vt 0.213257 0.618652
vt 0.277344 0.593018
vt 0.213257 0.593018
vt 0.277344 0.567383
vt 0.213257 0.567383
vt 0.277344 0.541748
vt 0.213257 0.541748
vt 0.277344 0.516113
vt 0.213257 0.516113
vt 0.277344 0.490479
vt 0.213257 0.490479
vt 0.277344 0.464844
vt 0.213257 0.464844
vt 0.259033 0.875000
vt 0.323120 0.875000
vt 0.323120 0.849365
vt 0.259033 0.849365
vt 0.323120 0.823730
vt 0.259033 0.823730
vt 0.323120 0.798096
vt 0.259033 0.798096
vt 0.323120 0.772461
vt 0.259033 0.772461
vt 0.323120 0.746826
vt 0.259033 0.746826
vt 0.323120 0.721191
vt 0.259033 0.721191
vt 0.323120 0.695557
vt 0.259033 0.695557
vt 0.323120 0.669922
vt 0.259033 0.669922
vt 0.323120 0.644287
vt 0.259033 0.644287
vt 0.323120 0.618652
vt 0.259033 0.618652
vt 0.323120 0.593018
vt 0.259033 0.593018
vt 0.323120 0.567383
vt 0.259033 0.567383
vt 0.323120 0.541748
vt 0.259033 0.541748
vt 0.323120 0.516113
vt 0.259033 0.516113
vt 0.323120 0.490479
vt 0.259033 0.490479
vt 0.323120 0.464844
vt 0.259033 0.464844
vt 0.304810 0.875000
vt 0.368896 0.875000
vt 0.368896 0.849365
vt 0.304810 0.849365
vt 0.368896 0.823730
vt 0.304810 0.823730
vt 0.368896 0.798096
vt 0.304810 0.798096
vt 0.368896 0.772461
vt 0.304810 0.772461
vt 0.368896 0.746826
vt 0.304810 0.746826
vt 0.368896 0.721191
vt 0.304810 0.721191
vt 0.368896 0.695557
vt 0.304810 0.695557
vt 0.368896 0.669922
vt 0.304810 0.669922
vt 0.368896 0.644287
vt 0.304810 0.644287
vt 0.368896 0.618652
vt 0.304810 0.618652
vt 0.368896 0.593018
vt 0.304810 0.593018
vt 0.368896 0.567383
vt 0.304810 0.567383
vt 0.368896 0.541748
vt 0.304810 0.541748
vt 0.368896 0.516113
vt 0.304810 0.516113
vt 0.368896 0.490479
vt 0.304810 0.490479
vt 0.368896 0.464844
vt 0.304810 0.464844
vt 0.350586 0.875000
vt 0.414673 0.875000
vt 0.414673 0.849365
vt 0.350586 0.849365
vt 0.414673 0.823730
vt 0.350586 0.823730
vt 0.414673 0.798096
vt 0.350586 0.798096
vt 0.414673 0.772461
vt 0.350586 0.772461
vt 0.414673 0.746826
vt 0.350586 0.746826
vt 0.414673 0.721191
vt 0.350586 0.721191
vt 0.414673 0.695557
vt 0.350586 0.695557
vt 0.414673 0.669922
vt 0.350586 0.669922
vt 0.414673 0.644287
vt 0.350586 0.644287
vt 0.414673 0.618652
vt 0.350586 0.618652
vt 0.414673 0.593018
vt 0.350586 0.593018
vt 0.414673 0.567383
vt 0.350586 0.567383
vt 0.414673 0.541748
vt 0.350586 0.541748
vt 0.414673 0.516113
vt 0.350586 0.516113
vt 0.414673 0.490479
vt 0.350586 0.490479
vt 0.414673 0.464844
vt 0.350586 0.464844
vt 0.396362 0.875000
vt 0.460449 0.875000
vt 0.460449 0.849365
vt 0.396362 0.849365
vt 0.460449 0.823730
vt 0.396362 0.823730
vt 0.460449 0.798096
vt 0.396362 0.798096
vt 0.460449 0.772461
vt 0.396362 0.772461
vt 0.460449 0.746826
vt 0.396362 0.746826
vt 0.460449 0.721191
vt 0.396362 0.721191
vt 0.460449 0.695557
vt 0.396362 0.695557
vt 0.460449 0.669922
vt 0.396362 0.669922
vt 0.460449 0.644287
vt 0.396362 0.644287
vt 0.460449 0.618652
vt 0.396362 0.618652
vt 0.460449 0.593018
vt 0.396362 0.593018
vt 0.460449 0.567383
vt 0.396362 0.567383
vt 0.460449 0.541748
vt 0.396362 0.541748
vt 0.460449 0.516113
vt 0.396362 0.516113
vt 0.460449 0.490479
vt 0.396362 0.490479
vt 0.460449 0.464844
vt 0.396362 0.464844
vt 0.442139 0.875000
vt 0.497070 0.875000
vt 0.497070 0.849365
vt 0.442139 0.849365
vt 0.497070 0.823730
vt 0.442139 0.823730
vt 0.497070 0.798096
vt 0.442139 0.798096
vt 0.497070 0.772461
vt 0.442139 0.772461
vt 0.497070 0.746826
vt 0.442139 0.746826
vt 0.497070 0.721191
vt 0.442139 0.721191
vt 0.497070 0.695557
vt 0.442139 0.695557
vt 0.497070 0.669922
vt 0.442139 0.669922
vt 0.497070 0.644287
vt 0.442139 0.644287
vt 0.497070 0.618652
vt 0.442139 0.618652
vt 0.497070 0.593018
vt 0.442139 0.593018
vt 0.497070 0.567383
vt 0.442139 0.567383
vt 0.497070 0.541748
vt 0.442139 0.541748
vt 0.497070 0.516113
vt 0.442139 0.516113
vt 0.497070 0.490479
vt 0.442139 0.490479
vt 0.497070 0.464844
vt 0.442139 0.464844
s 1
usemtl side_hair_left_alpha
f 477/477/32 478/478/32 480/479/33 479/480/33
f 479/480/33 480/479/33 482/481/34 481/482/34
f 481/482/34 482/481/34 484/483/35 483/484/35
f 483/484/35 484/483/35 486/485/36 485/486/36
f 485/486/36 486/485/36 488/487/37 487/488/37
f 487/488/37 488/487/37 490/489/38 489/490/38
f 489/490/38 490/489/38 492/491/39 491/492/39
f 491/492/39 492/491/39 494/493/40 493/494/40
f 493/494/40 494/493/40 496/495/41 495/496/41
f 495/496/41 496/495/41 498/497/42 497/498/42
f 497/498/42 498/497/42 500/499/43 499/500/43
f 499/500/43 500/499/43 502/501/44 501/502/44
f 501/502/44 502/501/44 504/503/45 503/504/45
f 503/504/45 504/503/45 506/505/46 505/506/46
f 505/506/46 506/505/46 508/507/47 507/508/47
f 507/508/47 508/507/47 510/509/48 509/510/48
f 511/511/32 512/512/32 514/513/33 513/514/33
f 513/514/33 514/513/33 516/515/34 515/516/34
f 515/516/34 516/515/34 518/517/35 517/518/35
f 517/518/35 518/517/35 520/519/36 519/520/36
f 519/520/36 520/519/36 522/521/37 521/522/37
f 521/522/37 522/521/37 524/523/38 523/524/38
f 523/524/38 524/523/38 526/525/39 525/526/39
f 525/526/39 526/525/39 528/527/40 527/528/40
f 527/528/40 528/527/40 530/529/41 529/530/41
f 529/530/41 530/529/41 532/531/42 531/532/42
f 531/532/42 532/531/42 534/533/43 533/534/43
f 533/534/43 534/533/43 536/535/44 535/536/44
f 535/536/44 536/535/44 538/537/45 537/538/45
f 537/538/45 538/537/45 540/539/46 539/540/46
f 539/540/46 540/539/46 542/541/47 541/542/47
f 541/542/47 542/541/47 544/543/48 543/544/48
f 545/545/32 546/546/32 548/547/33 547/548/33
f 547/548/33 548/547/33 550/549/34 549/550/34
f 549/550/34 550/549/34 552/551/35 551/552/35
f 551/552/35 552/551/35 554/553/36 553/554/36
f 553/554/36 554/553/36 556/555/37 555/556/37
f 555/556/37 556/555/37 558/557/38 557/558/38
f 557/558/38 558/557/38 560/559/39 559/560/39
f 559/560/39 560/559/39 562/561/40 561/562/40
f 561/562/40 562/561/40 564/563/41 563/564/41
f 563/564/41 564/563/41 566/565/42 565/566/42
f 565/566/42 566/565/42 568/567/43 567/568/43
f 567/568/43 568/567/43 570/569/44 569/570/44
f 569/570/44 570/569/44 572/571/45 571/572/45
f 571/572/45 572/571/45 574/573/46 573/574/46
f 573/574/46 574/573/46 576/575/47 575/576/47
f 575/576/47 576/575/47 578/577/48 577/578/48
f 579/579/32 580/580/32 582/581/33 581/582/33
f 581/582/33 582/581/33 584/583/34 583/584/34
f 583/584/34 584/583/34 586/585/35 585/586/35
f 585/586/35 586/585/35 588/587/36 587/588/36
f 587/588/36 588/587/36 590/589/37 589/590/37
f 589/590/37 590/589/37 592/591/38 591/592/38
f 591/592/38 592/591/38 594/593/39 593/594/39
f 593/594/39 594/593/39 596/595/40 595/596/40
f 595/596/40 596/595/40 598/597/41 597/598/41
f 597/598/41 598/597/41 600/599/42 599/600/42
f 599/600/42 600/599/42 602/601/43 601/602/43
f 601/602/43 602/601/43 604/603/44 603/604/44
f 603/604/44 604/603/44 606/605/45 605/606/45
f 605/606/45 606/605/45 608/607/46 607/608/46
f 607/608/46 608/607/46 610/609/47 609/610/47
f 609/610/47 610/609/47 612/611/48 611/612/48
f 613/613/32 614/614/32 616/615/33 615/616/33
f 615/616/33 616/615/33 618/617/34 617/618/34
f 617/618/34 618/617/34 620/619/35 619/620/35
f 619/620/35 620/619/35 622/621/36 621/622/36
f 621/622/36 622/621/36 624/623/37 623/624/37
f 623/624/37 624/623/37 626/625/38 625/626/38
f 625/626/38 626/625/38 628/627/39 627/628/39
f 627/628/39 628/627/39 630/629/40 629/630/40
f 629/630/40 630/629/40 632/631/41 631/632/41
f 631/632/41 632/631/41 634/633/42 633/634/42
f 633/634/42 634/633/42 636/635/43 635/636/43
f 635/636/43 636/635/43 638/637/44 637/638/44
f 637/638/44 638/637/44 640/639/45 639/640/45
f 639/640/45 640/639/45 642/641/46 641/642/46
f 641/642/46 642/641/46 644/643/47 643/644/47
f 643/644/47 644/643/47 646/645/48 645/646/48
f 647/647/32 648/648/32 650/649/33 649/650/33
f 649/650/33 650/649/33 652/651/34 651/652/34
f 651/652/34 652/651/34 654/653/35 653/654/35
f 653/654/35 654/653/35 656/655/36 655/656/36
f 655/656/36 656/655/36 658/657/37 657/658/37
f 657/658/37 658/657/37 660/659/38 659/660/38
f 659/660/38 660/659/38 662/661/39 661/662/39
f 661/662/39 662/661/39 664/663/40 663/664/40
f 663/664/40 664/663/40 666/665/41 665/666/41
f 665/666/41 666/665/41 668/667/42 667/668/42
f 667/668/42 668/667/42 670/669/43 669/670/43
f 669/670/43 670/669/43 672/671/44 671/672/44
f 671/672/44 672/671/44 674/673/45 673/674/45
f 673/674/45 674/673/45 676/675/46 675/676/46
f 675/676/46 676/675/46 678/677/47 677/678/47
f 677/678/47 678/677/47 680/679/48 679/680/48
f 681/681/32 682/682/32 684/683/33 683/684/33
f 683/684/33 684/683/33 686/685/34 685/686/34
f 685/686/34 686/685/34 688/687/35 687/688/35
f 687/688/35 688/687/35 690/689/36 689/690/36
f 689/690/36 690/689/36 692/691/37 691/692/37
f 691/692/37 692/691/37 694/693/38 693/694/38
f 693/694/38 694/693/38 696/695/39 695/696/39
f 695/696/39 696/695/39 698/697/40 697/698/40
f 697/698/40 698/697/40 700/699/41 699/700/41
f 699/700/41 700/699/41 702/701/42 701/702/42
f 701/702/42 702/701/42 704/703/43 703/704/43
f 703/704/43 704/703/43 706/705/44 705/706/44
f 705/706/44 706/705/44 708/707/45 707/708/45
f 707/708/45 708/707/45 710/709/46 709/710/46
f 709/710/46 710/709/46 712/711/47 711/712/47
f 711/712/47 712/711/47 714/713/48 713/714/48
f 715/715/32 716/716/32 718/717/33 717/718/33
f 717/718/33 718/717/33 720/719/34 719/720/34
f 719/720/34 720/719/34 722/721/35 721/722/35
f 721/722/35 722/721/35 724/723/36 723/724/36
f 723/724/36 724/723/36 726/725/37 725/726/37
f 725/726/37 726/725/37 728/727/38 727/728/38
f 727/728/38 728/727/38 730/729/39 729/730/39
f 729/730/39 730/729/39 732/731/40 731/732/40
f 731/732/40 732/731/40 734/733/41 733/734/41
f 733/734/41 734/733/41 736/735/42 735/736/42
f 735/736/42 736/735/42 738/737/43 737/738/43
f 737/738/43 738/737/43 740/739/44 739/740/44
f 739/740/44 740/739/44 742/741/45 741/742/45
f 741/742/45 742/741/45 744/743/46 743/744/46
f 743/744/46 744/743/46 746/745/47 745/746/47
f 745/746/47 746/745/47 748/747/48 747/748/48
o side_hair_right
v 0.125000 5.858333 -0.113333
v 0.376806 5.858333 -0.113333
v 0.120318 5.664323 -0.120161
v 0.372123 5.664323 -0.120161
v 0.115816 5.470313 -0.126727
v 0.367621 5.470313 -0.126727
v 0.111666 5.276302 -0.132778
v 0.363472 5.276302 -0.132778
v 0.108029 5.082292 -0.138082
v 0.359835 5.082292 -0.138082
v 0.105045 4.888281 -0.142435
v 0.356850 4.888281 -0.142435
v 0.102827 4.694271 -0.145669
v 0.354632 4.694271 -0.145669
v 0.101461 4.500260 -0.147661
v 0.353267 4.500260 -0.147661
v 0.101000 4.306250 -0.148333
v 0.352806 4.306250 -0.148333
v 0.101461 4.112239 -0.147661
v 0.353267 4.112239 -0.147661
v 0.102827 3.918229 -0.145669
v 0.354632 3.918229 -0.145669
v 0.105045 3.724219 -0.142435
v 0.356850 3.724219 -0.142435
v 0.108029 3.530208 -0.138082
v 0.359835 3.530208 -0.138082
v 0.111666 3.336198 -0.132778
v 0.363472 3.336198 -0.132778
v 0.115816 3.142188 -0.126727
v 0.367621 3.142188 -0.126727
v 0.120318 2.948177 -0.120161
v 0.372123 2.948177 -0.120161
v 0.125000 2.754167 -0.113333
v 0.376806 2.754167 -0.113333
v 0.284306 5.858333 -0.140000
v 0.582361 5.858333 -0.140000
v 0.280794 5.664323 -0.146828
v 0.578849 5.664323 -0.146828
v 0.277417 5.470313 -0.153394
v 0.575473 5.470313 -0.153394
v 0.274305 5.276302 -0.159445
v 0.572361 5.276302 -0.159445
v 0.271578 5.082292 -0.164749
v 0.569633 5.082292 -0.164749
v 0.269339 4.888281 -0.169101
v 0.567395 4.888281 -0.169101
v 0.267676 4.694271 -0.172336
v 0.565731 4.694271 -0.172336
v 0.266651 4.500260 -0.174327
v 0.564707 4.500260 -0.174327
v 0.266306 4.306250 -0.175000
v 0.564361 4.306250 -0.175000
v 0.266651 4.112239 -0.174327
v 0.564707 4.112239 -0.174327
v 0.267676 3.918229 -0.172336
v 0.565731 3.918229 -0.172336
v 0.269339 3.724219 -0.169101
v 0.567395 3.724219 -0.169101
v 0.271578 3.530208 -0.164749
v 0.569633 3.530208 -0.164749
v 0.274305 3.336198 -0.159445
v 0.572361 3.336198 -0.159445
v 0.277417 3.142188 -0.153394
v 0.575473 3.142188 -0.153394
v 0.280794 2.948177 -0.146828
v 0.578849 2.948177 -0.146828
v 0.284306 2.754167 -0.140000
v 0.582361 2.754167 -0.140000
v 0.489861 5.858333 -0.166667
v 0.787917 5.858333 -0.166667
v 0.487520 5.664323 -0.173495
v 0.785576 5.664323 -0.173495
v 0.485269 5.470313 -0.180061
v 0.783324 5.470313 -0.180061
v 0.483194 5.276302 -0.186112
v 0.781250 5.276302 -0.186112
v 0.481376 5.082292 -0.191415
v 0.779431 5.082292 -0.191415
v 0.479883 4.888281 -0.195768
v 0.777939 4.888281 -0.195768
v 0.478775 4.694271 -0.199002
v 0.776830 4.694271 -0.199002
v 0.478092 4.500260 -0.200994
v 0.776147 4.500260 -0.200994
v 0.477861 4.306250 -0.201667
v 0.775917 4.306250 -0.201667
v 0.478092 4.112239 -0.200994
v 0.776147 4.112239 -0.200994
v 0.478775 3.918229 -0.199002
v 0.776830 3.918229 -0.199002
v 0.479883 3.724219 -0.195768
v 0.777939 3.724219 -0.195768
v 0.481376 3.530208 -0.191415
v 0.779431 3.530208 -0.191415
v 0.483194 3.336198 -0.186112
v 0.781250 3.336198 -0.186112
v 0.485269 3.142188 -0.180061
v 0.783324 3.142188 -0.180061
v 0.487520 2.948177 -0.173495
v 0.785576 2.948177 -0.173495
v 0.489861 2.754167 -0.166667
v 0.787917 2.754167 -0.166667
v 0.695417 5.858333 -0.193333
v 0.993472 5.858333 -0.193333
v 0.694246 5.664323 -0.200162
v 0.992302 5.664323 -0.200162
v 0.693121 5.470313 -0.206727
v 0.991176 5.470313 -0.206727
v 0.692083 5.276302 -0.212778
v 0.990139 5.276302 -0.212778
v 0.691174 5.082292 -0.218082
v 0.989230 5.082292 -0.218082
v 0.690428 4.888281 -0.222435
v 0.988483 4.888281 -0.222435
v 0.689873 4.694271 -0.225669
v 0.987929 4.694271 -0.225669
v 0.689532 4.500260 -0.227661
v 0.987588 4.500260 -0.227661
v 0.689417 4.306250 -0.228333
v 0.987472 4.306250 -0.228333
v 0.689532 4.112239 -0.227661
v 0.987588 4.112239 -0.227661
v 0.689873 3.918229 -0.225669
v 0.987929 3.918229 -0.225669
v 0.690428 3.724219 -0.222435
v 0.988483 3.724219 -0.222435
v 0.691174 3.530208 -0.218082
v 0.989230 3.530208 -0.218082
v 0.692083 3.336198 -0.212778
v 0.990139 3.336198 -0.212778
v 0.693121 3.142188 -0.206727
v 0.991176 3.142188 -0.206727
v 0.694246 2.948177 -0.200162
v 0.992302 2.948177 -0.200162
v 0.695417 2.754167 -0.193333
v 0.993472 2.754167 -0.193333
v 0.900972 5.858333 -0.220000
v 1.199028 5.858333 -0.220000
v 0.900972 5.664323 -0.226828
v 1.199028 5.664323 -0.226828
v 0.900972 5.470313 -0.233394
v 1.199028 5.470313 -0.233394
v 0.900972 5.276302 -0.239445
v 1.199028 5.276302 -0.239445
v 0.900972 5.082292 -0.244749
v 1.199028 5.082292 -0.244749
v 0.900972 4.888281 -0.249101
v 1.199028 4.888281 -0.249101
v 0.900972 4.694271 -0.252336
v 1.199028 4.694271 -0.252336
v 0.900972 4.500260 -0.254327
v 1.199028 4.500260 -0.254327
v 0.900972 4.306250 -0.255000
v 1.199028 4.306250 -0.255000
v 0.900972 4.112239 -0.254327
v 1.199028 4.112239 -0.254327
v 0.900972 3.918229 -0.252336
v 1.199028 3.918229 -0.252336
v 0.900972 3.724219 -0.249101
v 1.199028 3.724219 -0.249101
v 0.900972 3.530208 -0.244749
v 1.199028 3.530208 -0.244749
v 0.900972 3.336198 -0.239445
v 1.199028 3.336198 -0.239445
v 0.900972 3.142188 -0.233394
v 1.199028 3.142188 -0.233394
v 0.900972 2.948177 -0.226828
v 1.199028 2.948177 -0.226828
v 0.900972 2.754167 -0.220000
v 1.199028 2.754167 -0.220000
v 1.106528 5.858333 -0.246667
v 1.404583 5.858333 -0.246667
v 1.107698 5.664323 -0.253495
v 1.405754 5.664323 -0.253495
v 1.108824 5.470313 -0.260061
v 1.406879 5.470313 -0.260061
v 1.109861 5.276302 -0.266112
v 1.407917 5.276302 -0.266112
v 1.110770 5.082292 -0.271415
v 1.408826 5.082292 -0.271415
v 1.111517 4.888281 -0.275768
v 1.409572 4.888281 -0.275768
v 1.112071 4.694271 -0.279002
v 1.410127 4.694271 -0.279002
v 1.112412 4.500260 -0.280994
v 1.410468 4.500260 -0.280994
v 1.112528 4.306250 -0.281667
v 1.410583 4.306250 -0.281667
v 1.112412 4.112239 -0.280994
v 1.410468 4.112239 -0.280994
v 1.112071 3.918229 -0.279002
v 1.410127 3.918229 -0.279002
v 1.111517 3.724219 -0.275768
v 1.409572 3.724219 -0.275768
v 1.110770 3.530208 -0.271415
v 1.408826 3.530208 -0.271415
v 1.109861 3.336198 -0.266112
v 1.407917 3.336198 -0.266112
v 1.108824 3.142188 -0.260061
v 1.406879 3.142188 -0.260061
v 1.107698 2.948177 -0.253495
v 1.405754 2.948177 -0.253495
v 1.106528 2.754167 -0.246667
v 1.404583 2.754167 -0.246667
v 1.312083 5.858333 -0.273333
v 1.610139 5.858333 -0.273333
v 1.314424 5.664323 -0.280161
v 1.612480 5.664323 -0.280161
v 1.316676 5.470313 -0.286727
v 1.614731 5.470313 -0.286727
v 1.318750 5.276302 -0.292778
v 1.616806 5.276302 -0.292778
v 1.320569 5.082292 -0.298082
v 1.618624 5.082292 -0.298082
v 1.322061 4.888281 -0.302435
v 1.620116 4.888281 -0.302435
v 1.323170 4.694271 -0.305669
v 1.621225 4.694271 -0.305669
v 1.323853 4.500260 -0.307661
v 1.621908 4.500260 -0.307661
v 1.324083 4.306250 -0.308333
v 1.622139 4.306250 -0.308333
v 1.323853 4.112239 -0.307661
v 1.621908 4.112239 -0.307661
v 1.323170 3.918229 -0.305669
v 1.621225 3.918229 -0.305669
v 1.322061 3.724219 -0.302435
v 1.620116 3.724219 -0.302435
v 1.320569 3.530208 -0.298082
v 1.618624 3.530208 -0.298082
v 1.318750 3.336198 -0.292778
v 1.616806 3.336198 -0.292778
v 1.316676 3.142188 -0.286727
v 1.614731 3.142188 -0.286727
v 1.314424 2.948177 -0.280161
v 1.612480 2.948177 -0.280161
v 1.312083 2.754167 -0.273333
v 1.610139 2.754167 -0.273333
v 1.517639 5.858333 -0.300000
v 1.815694 5.858333 -0.300000
v 1.521150 5.664323 -0.306828
v 1.819206 5.664323 -0.306828
v 1.524527 5.470313 -0.313394
v 1.822583 5.470313 -0.313394
v 1.527639 5.276302 -0.319445
v 1.825695 5.276302 -0.319445
v 1.530367 5.082292 -0.324749
v 1.828422 5.082292 -0.324749
v 1.532605 4.888281 -0.329101
v 1.830661 4.888281 -0.329101
v 1.534269 4.694271 -0.332336
v 1.832324 4.694271 -0.332336
v 1.535293 4.500260 -0.334327
v 1.833349 4.500260 -0.334327
v 1.535639 4.306250 -0.335000
v 1.833694 4.306250 -0.335000
v 1.535293 4.112239 -0.334327
v 1.833349 4.112239 -0.334327
v 1.534269 3.918229 -0.332336
v 1.832324 3.918229 -0.332336
v 1.532605 3.724219 -0.329101
v 1.830661 3.724219 -0.329101
v 1.530367 3.530208 -0.324749
v 1.828422 3.530208 -0.324749
v 1.527639 3.336198 -0.319445
v 1.825695 3.336198 -0.319445
v 1.524527 3.142188 -0.313394
v 1.822583 3.142188 -0.313394
v 1.521150 2.948177 -0.306828
v 1.819206 2.948177 -0.306828
v 1.517639 2.754167 -0.300000
v 1.815694 2.754167 -0.300000
v 1.723194 5.858333 -0.326667
v 1.975000 5.858333 -0.326667
v 1.727877 5.664323 -0.333495
v 1.979682 5.664323 -0.333495
v 1.732379 5.470313 -0.340061
v 1.984184 5.470313 -0.340061
v 1.736528 5.276302 -0.346112
v 1.988334 5.276302 -0.346112
v 1.740165 5.082292 -0.351415
v 1.991971 5.082292 -0.351415
v 1.743150 4.888281 -0.355768
v 1.994955 4.888281 -0.355768
v 1.745368 4.694271 -0.359002
v 1.997173 4.694271 -0.359002
v 1.746733 4.500260 -0.360994
v 1.998539 4.500260 -0.360994
v 1.747194 4.306250 -0.361667
v 1.999000 4.306250 -0.361667
v 1.746733 4.112239 -0.360994
v 1.998539 4.112239 -0.360994
v 1.745368 3.918229 -0.359002
v 1.997173 3.918229 -0.359002
v 1.743150 3.724219 -0.355768
v 1.994955 3.724219 -0.355768
v 1.740165 3.530208 -0.351415
v 1.991971 3.530208 -0.351415
v 1.736528 3.336198 -0.346112
v 1.988334 3.336198 -0.346112
v 1.732379 3.142188 -0.340061
v 1.984184 3.142188 -0.340061
v 1.727877 2.948177 -0.333495
v 1.979682 2.948177 -0.333495
v 1.723194 2.754167 -0.326667
v 1.975000 2.754167 -0.326667
vn -0.0000 0.0352 -0.9994
vn -0.0000 0.0345 -0.9994
vn -0.0000 0.0325 -0.9995
vn -0.0000 0.0292 -0.9996
vn -0.0000 0.0293 -0.9996
vn -0.0000 0.0249 -0.9997
vn -0.0000 0.0195 -0.9998
vn -0.0000 0.0196 -0.9998
vn -0.0000 0.0134 -0.9999
vn -0.0000 0.0135 -0.9999
vn -0.0000 0.0069 -1.0000
vn -0.0000 -0.0000 -1.0000
vn -0.0000 -0.0069 -1.0000
vn -0.0000 -0.0134 -0.9999
vn -0.0000 -0.0135 -0.9999
vn -0.0000 -0.0195 -0.9998
vn -0.0000 -0.0196 -0.9998
vn -0.0000 -0.0249 -0.9997
vn -0.0000 -0.0292 -0.9996
vn -0.0000 -0.0293 -0.9996
vn -0.0000 -0.0325 -0.9995
vn -0.0000 -0.0345 -0.9994
vn -0.0000 -0.0352 -0.9994
vt 0.529297 0.915365
vt 0.588314 0.915365
vt 0.588314 0.885050
vt 0.529297 0.885050
vt 0.588314 0.854736
vt 0.529297 0.854736
vt 0.588314 0.824422
vt 0.529297 0.824422
vt 0.588314 0.794108
vt 0.529297 0.794108
vt 0.588314 0.763794
vt 0.529297 0.763794
vt 0.588314 0.733480
vt 0.529297 0.733480
vt 0.588314 0.703166
vt 0.529297 0.703166
vt 0.588314 0.672852
vt 0.529297 0.672852
vt 0.588314 0.642537
vt 0.529297 0.642537
vt 0.588314 0.612223
vt 0.529297 0.612223
vt 0.588314 0.581909
vt 0.529297 0.581909
vt 0.588314 0.551595
vt 0.529297 0.551595
vt 0.588314 0.521281
vt 0.529297 0.521281
vt 0.588314 0.490967
vt 0.529297 0.490967
vt 0.588314 0.460653
vt 0.529297 0.460653
vt 0.588314 0.430339
vt 0.529297 0.430339
vt 0.566634 0.915365
vt 0.636491 0.915365
vt 0.636491 0.885050
vt 0.566634 0.885050
vt 0.636491 0.854736
vt 0.566634 0.854736
vt 0.636491 0.824422
vt 0.566634 0.824422
vt 0.636491 0.794108
vt 0.566634 0.794108
vt 0.636491 0.763794
vt 0.566634 0.763794
vt 0.636491 0.733480
vt 0.566634 0.733480
vt 0.636491 0.703166
vt 0.566634 0.703166
vt 0.636491 0.672852
vt 0.566634 0.672852
vt 0.636491 0.642537
vt 0.566634 0.642537
vt 0.636491 0.612223
vt 0.566634 0.612223
vt 0.636491 0.581909
vt 0.566634 0.581909
vt 0.636491 0.551595
vt 0.566634 0.551595
vt 0.636491 0.521281
vt 0.566634 0.521281
vt 0.636491 0.490967
vt 0.566634 0.490967
vt 0.636491 0.460653
vt 0.566634 0.460653
vt 0.636491 0.430339
vt 0.566634 0.430339
vt 0.614811 0.915365
vt 0.684668 0.915365
vt 0.684668 0.885050
vt 0.614811 0.885050
vt 0.684668 0.854736
vt 0.614811 0.854736
vt 0.684668 0.824422
vt 0.614811 0.824422
vt 0.684668 0.794108
vt 0.614811 0.794108
vt 0.684668 0.763794
vt 0.614811 0.763794
vt 0.684668 0.733480
vt 0.614811 0.733480
vt 0.684668 0.703166
vt 0.614811 0.703166
vt 0.684668 0.672852
vt 0.614811 0.672852
vt 0.684668 0.642537
vt 0.614811 0.642537
vt 0.684668 0.612223
vt 0.614811 0.612223
vt 0.684668 0.581909
vt 0.614811 0.581909
vt 0.684668 0.551595
vt 0.614811 0.551595
vt 0.684668 0.521281
vt 0.614811 0.521281
vt 0.684668 0.490967
vt 0.614811 0.490967
vt 0.684668 0.460653
vt 0.614811 0.460653
vt 0.684668 0.430339
vt 0.614811 0.430339
vt 0.662988 0.915365
vt 0.732845 0.915365
vt 0.732845 0.885050
vt 0.662988 0.885050
vt 0.732845 0.854736
vt 0.662988 0.854736
vt 0.732845 0.824422
vt 0.662988 0.824422
vt 0.732845 0.794108
vt 0.662988 0.794108
vt 0.732845 0.763794
vt 0.662988 0.763794
vt 0.732845 0.733480
vt 0.662988 0.733480
vt 0.732845 0.703166
vt 0.662988 0.703166
vt 0.732845 0.672852
vt 0.662988 0.672852
vt 0.732845 0.642537
vt 0.662988 0.642537
vt 0.732845 0.612223
vt 0.662988 0.612223
vt 0.732845 0.581909
vt 0.662988 0.581909
vt 0.732845 0.551595
vt 0.662988 0.551595
vt 0.732845 0.521281
vt 0.662988 0.521281
vt 0.732845 0.490967
vt 0.662988 0.490967
vt 0.732845 0.460653
vt 0.662988 0.460653
vt 0.732845 0.430339
vt 0.662988 0.430339
vt 0.711165 0.915365
vt 0.781022 0.915365
vt 0.781022 0.885050
vt 0.711165 0.885050
vt 0.781022 0.854736
vt 0.711165 0.854736
vt 0.781022 0.824422
vt 0.711165 0.824422
vt 0.781022 0.794108
vt 0.711165 0.794108
vt 0.781022 0.763794
vt 0.711165 0.763794
vt 0.781022 0.733480
vt 0.711165 0.733480
vt 0.781022 0.703166
vt 0.711165 0.703166
vt 0.781022 0.672852
vt 0.711165 0.672852
vt 0.781022 0.642537
vt 0.711165 0.642537
vt 0.781022 0.612223
vt 0.711165 0.612223
vt 0.781022 0.581909
vt 0.711165 0.581909
vt 0.781022 0.551595
vt 0.711165 0.551595
vt 0.781022 0.521281
vt 0.711165 0.521281
vt 0.781022 0.490967
vt 0.711165 0.490967
vt 0.781022 0.460653
vt 0.711165 0.460653
vt 0.781022 0.430339
vt 0.711165 0.430339
vt 0.759342 0.915365
vt 0.829199 0.915365
vt 0.829199 0.885050
vt 0.759342 0.885050
vt 0.829199 0.854736
vt 0.759342 0.854736
vt 0.829199 0.824422
vt 0.759342 0.824422
vt 0.829199 0.794108
vt 0.759342 0.794108
vt 0.829199 0.763794
vt 0.759342 0.763794
vt 0.829199 0.733480
vt 0.759342 0.733480
vt 0.829199 0.703166
vt 0.759342 0.703166
vt 0.829199 0.672852
vt 0.759342 0.672852
vt 0.829199 0.642537
vt 0.759342 0.642537
vt 0.829199 0.612223
vt 0.759342 0.612223
vt 0.829199 0.581909
vt 0.759342 0.581909
vt 0.829199 0.551595
vt 0.759342 0.551595
vt 0.829199 0.521281
vt 0.759342 0.521281
vt 0.829199 0.490967
vt 0.759342 0.490967
vt 0.829199 0.460653
vt 0.759342 0.460653
vt 0.829199 0.430339
vt 0.759342 0.430339
vt 0.807520 0.915365
vt 0.877376 0.915365
vt 0.877376 0.885050
vt 0.807520 0.885050
vt 0.877376 0.854736
vt 0.807520 0.854736
vt 0.877376 0.824422
vt 0.807520 0.824422
vt 0.877376 0.794108
vt 0.807520 0.794108
vt 0.877376 0.763794
vt 0.807520 0.763794
vt 0.877376 0.733480
vt 0.807520 0.733480
vt 0.877376 0.703166
vt 0.807520 0.703166
vt 0.877376 0.672852
vt 0.807520 0.672852
vt 0.877376 0.642537
vt 0.807520 0.642537
vt 0.877376 0.612223
vt 0.807520 0.612223
vt 0.877376 0.581909
vt 0.807520 0.581909
vt 0.877376 0.551595
vt 0.807520 0.551595
vt 0.877376 0.521281
vt 0.807520 0.521281
vt 0.877376 0.490967
vt 0.807520 0.490967
vt 0.877376 0.460653
vt 0.807520 0.460653
vt 0.877376 0.430339
vt 0.807520 0.430339
vt 0.855697 0.915365
vt 0.925553 0.915365
vt 0.925553 0.885050
vt 0.855697 0.885050
vt 0.925553 0.854736
vt 0.855697 0.854736
vt 0.925553 0.824422
vt 0.855697 0.824422
vt 0.925553 0.794108
vt 0.855697 0.794108
vt 0.925553 0.763794
vt 0.855697 0.763794
vt 0.925553 0.733480
vt 0.855697 0.733480
vt 0.925553 0.703166
vt 0.855697 0.703166
vt 0.925553 0.672852
vt 0.855697 0.672852
vt 0.925553 0.642537
vt 0.855697 0.642537
vt 0.925553 0.612223
vt 0.855697 0.612223
vt 0.925553 0.581909
vt 0.855697 0.581909
vt 0.925553 0.551595
vt 0.855697 0.551595
vt 0.925553 0.521281
vt 0.855697 0.521281
vt 0.925553 0.490967
vt 0.855697 0.490967
vt 0.925553 0.460653
vt 0.855697 0.460653
vt 0.925553 0.430339
vt 0.855697 0.430339
vt 0.903874 0.915365
vt 0.962891 0.915365
vt 0.962891 0.885050
vt 0.903874 0.885050
vt 0.962891 0.854736
vt 0.903874 0.854736
vt 0.962891 0.824422
vt 0.903874 0.824422
vt 0.962891 0.794108
vt 0.903874 0.794108
vt 0.962891 0.763794
vt 0.903874 0.763794
vt 0.962891 0.733480
vt 0.903874 0.733480
vt 0.962891 0.703166
vt 0.903874 0.703166
vt 0.962891 0.672852
vt 0.903874 0.672852
vt 0.962891 0.642537
vt 0.903874 0.642537
vt 0.962891 0.612223
vt 0.903874 0.612223
vt 0.962891 0.581909
vt 0.903874 0.581909
vt 0.962891 0.551595
vt 0.903874 0.551595
vt 0.962891 0.521281
vt 0.903874 0.521281
vt 0.962891 0.490967
vt 0.903874 0.490967
vt 0.962891 0.460653
vt 0.903874 0.460653
vt 0.962891 0.430339
vt 0.903874 0.430339
s 1
usemtl side_hair_right_alpha
f 749/749/49 750/750/49 752/751/50 751/752/50
f 751/752/50 752/751/50 754/753/51 753/754/51
f 753/754/51 754/753/51 756/755/53 755/756/52
f 755/756/52 756/755/53 758/757/54 757/758/54
f 757/758/54 758/757/54 760/759/56 759/760/55
f 759/760/55 760/759/56 762/761/58 761/762/57
f 761/762/57 762/761/58 764/763/59 763/764/59
f 763/764/59 764/763/59 766/765/60 765/766/60
f 765/766/60 766/765/60 768/767/61 767/768/61
f 767/768/61 768/767/61 770/769/63 769/770/62
f 769/770/62 770/769/63 772/771/65 771/772/64
f 771/772/64 772/771/65 774/773/66 773/774/66
f 773/774/66 774/773/66 776/775/68 775/776/67
f 775/776/67 776/775/68 778/777/69 777/778/69
f 777/778/69 778/777/69 780/779/70 779/780/70
f 779/780/70 780/779/70 782/781/71 781/782/71
f 783/783/49 784/784/49 786/785/50 785/786/50
f 785/786/50 786/785/50 788/787/51 787/788/51
f 787/788/51 788/787/51 790/789/53 789/790/52
f 789/790/52 790/789/53 792/791/54 791/792/54
f 791/792/54 792/791/54 794/793/56 793/794/55
f 793/794/55 794/793/56 796/795/58 795/796/58
f 795/796/58 796/795/58 798/797/59 797/798/59
f 797/798/59 798/797/59 800/799/60 799/800/60
f 799/800/60 800/799/60 802/801/61 801/802/61
f 801/802/61 802/801/61 804/803/63 803/804/63
f 803/804/63 804/803/63 806/805/65 805/806/64
f 805/806/64 806/805/65 808/807/66 807/808/66
f 807/808/66 808/807/66 810/809/68 809/810/67
f 809/810/67 810/809/68 812/811/69 811/812/69
f 811/812/69 812/811/69 814/813/70 813/814/70
f 813/814/70 814/813/70 816/815/71 815/816/71
f 817/817/49 818/818/49 820/819/50 819/820/50
f 819/820/50 820/819/50 822/821/51 821/822/51
f 821/822/51 822/821/51 824/823/53 823/824/52
f 823/824/52 824/823/53 826/825/54 825/826/54
f 825/826/54 826/825/54 828/827/56 827/828/55
f 827/828/55 828/827/56 830/829/58 829/830/58
f 829/830/58 830/829/58 832/831/59 831/832/59
f 831/832/59 832/831/59 834/833/60 833/834/60
f 833/834/60 834/833/60 836/835/61 835/836/61
f 835/836/61 836/835/61 838/837/63 837/838/63
f 837/838/63 838/837/63 840/839/65 839/840/64
f 839/840/64 840/839/65 842/841/66 841/842/66
f 841/842/66 842/841/66 844/843/68 843/844/67
f 843/844/67 844/843/68 846/845/69 845/846/69
f 845/846/69 846/845/69 848/847/70 847/848/70
f 847/848/70 848/847/70 850/849/71 849/850/71
f 851/851/49 852/852/49 854/853/50 853/854/50
f 853/854/50 854/853/50 856/855/51 855/856/51
f 855/856/51 856/855/51 858/857/53 857/858/52
f 857/858/52 858/857/53 860/859/54 859/860/54
f 859/860/54 860/859/54 862/861/56 861/862/55
f 861/862/55 862/861/56 864/863/58 863/864/58
f 863/864/58 864/863/58 866/865/59 865/866/59
f 865/866/59 866/865/59 868/867/60 867/868/60
f 867/868/60 868/867/60 870/869/61 869/870/61
f 869/870/61 870/869/61 872/871/63 871/872/63
f 871/872/63 872/871/63 874/873/65 873/874/64
f 873/874/64 874/873/65 876/875/66 875/876/66
f 875/876/66 876/875/66 878/877/68 877/878/67
f 877/878/67 878/877/68 880/879/69 879/880/69
f 879/880/69 880/879/69 882/881/70 881/882/70
f 881/882/70 882/881/70 884/883/71 883/884/71
f 885/885/49 886/886/49 888/887/50 887/888/50
f 887/888/50 888/887/50 890/889/51 889/890/51
f 889/890/51 890/889/51 892/891/53 891/892/53
f 891/892/53 892/891/53 894/893/54 893/894/54
f 893/894/54 894/893/54 896/895/55 895/896/55
f 895/896/55 896/895/55 898/897/58 897/898/58
f 897/898/58 898/897/58 900/899/59 899/900/59
f 899/900/59 900/899/59 902/901/60 901/902/60
f 901/902/60 902/901/60 904/903/61 903/904/61
f 903/904/61 904/903/61 906/905/63 905/906/63
f 905/906/63 906/905/63 908/907/64 907/908/64
f 907/908/64 908/907/64 910/909/66 909/910/66
f 909/910/66 910/909/66 912/911/68 911/912/68
f 911/912/68 912/911/68 914/913/69 913/914/69
f 913/914/69 914/913/69 916/915/70 915/916/70
f 915/916/70 916/915/70 918/917/71 917/918/71
f 919/919/49 920/920/49 922/921/50 921/922/50
f 921/922/50 922/921/50 924/923/51 923/924/51
f 923/924/51 924/923/51 926/925/52 925/926/53
f 925/926/53 926/925/52 928/927/54 927/928/54
f 927/928/54 928/927/54 930/929/55 929/930/56
f 929/930/56 930/929/55 932/931/58 931/932/58
f 931/932/58 932/931/58 934/933/59 933/934/59
f 933/934/59 934/933/59 936/935/60 935/936/60
f 935/936/60 936/935/60 938/937/61 937/938/61
f 937/938/61 938/937/61 940/939/63 939/940/63
f 939/940/63 940/939/63 942/941/64 941/942/65
f 941/942/65 942/941/64 944/943/66 943/944/66
f 943/944/66 944/943/66 946/945/67 945/946/68
f 945/946/68 946/945/67 948/947/69 947/948/69
f 947/948/69 948/947/69 950/949/70 949/950/70
f 949/950/70 950/949/70 952/951/71 951/952/71
f 953/953/49 954/954/49 956/955/50 955/956/50
f 955/956/50 956/955/50 958/957/51 957/958/51
f 957/958/51 958/957/51 960/959/52 959/960/53
f 959/960/53 960/959/52 962/961/54 961/962/54
f 961/962/54 962/961/54 964/963/55 963/964/56
f 963/964/56 964/963/55 966/965/58 965/966/58
f 965/966/58 966/965/58 968/967/59 967/968/59
f 967/968/59 968/967/59 970/969/60 969/970/60
f 969/970/60 970/969/60 972/971/61 971/972/61
f 971/972/61 972/971/61 974/973/63 973/974/63
f 973/974/63 974/973/63 976/975/64 975/976/65
f 975/976/65 976/975/64 978/977/66 977/978/66
f 977/978/66 978/977/66 980/979/67 979/980/68
f 979/980/68 980/979/67 982/981/69 981/982/69
f 981/982/69 982/981/69 984/983/70 983/984/70
f 983/984/70 984/983/70 986/985/71 985/986/71
f 987/987/49 988/988/49 990/989/50 989/990/50
f 989/990/50 990/989/50 992/991/51 991/992/51
f 991/992/51 992/991/51 994/993/52 993/994/53
f 993/994/53 994/993/52 996/995/54 995/996/54
f 995/996/54 996/995/54 998/997/55 997/998/56
f 997/998/56 998/997/55 1000/999/58 999/1000/58
f 999/1000/58 1000/999/58 1002/1001/59 1001/1002/59
f 1001/1002/59 1002/1001/59 1004/1003/60 1003/1004/60
f 1003/1004/60 1004/1003/60 1006/1005/61 1005/1006/61
f 1005/1006/61 1006/1005/61 1008/1007/63 1007/1008/63
f 1007/1008/63 1008/1007/63 1010/1009/64 1009/1010/65
f 1009/1010/65 1010/1009/64 1012/1011/66 1011/1012/66
f 1011/1012/66 1012/1011/66 1014/1013/67 1013/1014/68
f 1013/1014/68 1014/1013/67 1016/1015/69 1015/1016/69
f 1015/1016/69 1016/1015/69 1018/1017/70 1017/1018/70
f 1017/1018/70 1018/1017/70 1020/1019/71 1019/1020/71
f 1021/1021/49 1022/1022/49 1024/1023/50 1023/1024/50
f 1023/1024/50 1024/1023/50 1026/1025/51 1025/1026/51
f 1025/1026/51 1026/1025/51 1028/1027/52 1027/1028/53
f 1027/1028/53 1028/1027/52 1030/1029/54 1029/1030/54
f 1029/1030/54 1030/1029/54 1032/1031/55 1031/1032/56
f 1031/1032/56 1032/1031/55 1034/1033/57 1033/1034/58
f 1033/1034/58 1034/1033/57 1036/1035/59 1035/1036/59
f 1035/1036/59 1036/1035/59 1038/1037/60 1037/1038/60
f 1037/1038/60 1038/1037/60 1040/1039/61 1039/1040/61
f 1039/1040/61 1040/1039/61 1042/1041/62 1041/1042/63
f 1041/1042/63 1042/1041/62 1044/1043/64 1043/1044/65
f 1043/1044/65 1044/1043/64 1046/1045/66 1045/1046/66
f 1045/1046/66 1046/1045/66 1048/1047/67 1047/1048/68
f 1047/1048/68 1048/1047/67 1050/1049/69 1049/1050/69
f 1049/1050/69 1050/1049/69 1052/1051/70 1051/1052/70
f 1051/1052/70 1052/1051/70 1054/1053/71 1053/1054/71
o torso_inner
v -1.037500 5.141667 -0.005000
v -0.839167 5.141667 -0.014000
v -0.640833 5.141667 -0.023000
v -0.442500 5.141667 -0.032000
v -0.244167 5.141667 -0.041000
v -0.045833 5.141667 -0.050000
v 0.152500 5.141667 -0.041000
v 0.350833 5.141667 -0.032000
v 0.549167 5.141667 -0.023000
v 0.747500 5.141667 -0.014000
v 0.945833 5.141667 -0.005000
v -1.037500 4.967559 -0.005000
v -0.839167 4.967559 -0.014000
v -0.640833 4.967559 -0.023000
v -0.442500 4.967559 -0.032000
v -0.244167 4.967559 -0.041000
v -0.045833 4.967559 -0.050000
v 0.152500 4.967559 -0.041000
v 0.350833 4.967559 -0.032000
v 0.549167 4.967559 -0.023000
v 0.747500 4.967559 -0.014000
v 0.945833 4.967559 -0.005000
v -1.037500 4.793452 -0.005000
v -0.839167 4.793452 -0.014000
v -0.640833 4.793452 -0.023000
v -0.442500 4.793452 -0.032000
v -0.244167 4.793452 -0.041000
v -0.045833 4.793452 -0.050000
v 0.152500 4.793452 -0.041000
v 0.350833 4.793452 -0.032000
v 0.549167 4.793452 -0.023000
v 0.747500 4.793452 -0.014000
v 0.945833 4.793452 -0.005000
v -1.037500 4.619345 -0.005000
v -0.839167 4.619345 -0.014000
v -0.640833 4.619345 -0.023000
v -0.442500 4.619345 -0.032000
v -0.244167 4.619345 -0.041000
v -0.045833 4.619345 -0.050000
v 0.152500 4.619345 -0.041000
v 0.350833 4.619345 -0.032000
v 0.549167 4.619345 -0.023000
v 0.747500 4.619345 -0.014000
v 0.945833 4.619345 -0.005000
v -1.037500 4.445238 -0.005000
v -0.839167 4.445238 -0.014000
v -0.640833 4.445238 -0.023000
v -0.442500 4.445238 -0.032000
v -0.244167 4.445238 -0.041000
v -0.045833 4.445238 -0.050000
v 0.152500 4.445238 -0.041000
v 0.350833 4.445238 -0.032000
v 0.549167 4.445238 -0.023000
v 0.747500 4.445238 -0.014000
v 0.945833 4.445238 -0.005000
v -1.037500 4.271131 -0.005000
v -0.839167 4.271131 -0.014000
v -0.640833 4.271131 -0.023000
v -0.442500 4.271131 -0.032000
v -0.244167 4.271131 -0.041000
v -0.045833 4.271131 -0.050000
v 0.152500 4.271131 -0.041000
v 0.350833 4.271131 -0.032000
v 0.549167 4.271131 -0.023000
v 0.747500 4.271131 -0.014000
v 0.945833 4.271131 -0.005000
v -1.037500 4.097024 -0.005000
v -0.839167 4.097024 -0.014000
v -0.640833 4.097024 -0.023000
v -0.442500 4.097024 -0.032000
v -0.244167 4.097024 -0.041000
v -0.045833 4.097024 -0.050000
v 0.152500 4.097024 -0.041000
v 0.350833 4.097024 -0.032000
v 0.549167 4.097024 -0.023000
v 0.747500 4.097024 -0.014000
v 0.945833 4.097024 -0.005000
v -1.037500 3.922917 -0.005000
v -0.839167 3.922917 -0.014000
v -0.640833 3.922917 -0.023000
v -0.442500 3.922917 -0.032000
v -0.244167 3.922917 -0.041000
v -0.045833 3.922917 -0.050000
v 0.152500 3.922917 -0.041000
v 0.350833 3.922917 -0.032000
v 0.549167 3.922917 -0.023000
v 0.747500 3.922917 -0.014000
v 0.945833 3.922917 -0.005000
v -1.037500 3.748810 -0.005000
v -0.839167 3.748810 -0.014000
v -0.640833 3.748810 -0.023000
v -0.442500 3.748810 -0.032000
v -0.244167 3.748810 -0.041000
v -0.045833 3.748810 -0.050000
v 0.152500 3.748810 -0.041000
v 0.350833 3.748810 -0.032000
v 0.549167 3.748810 -0.023000
v 0.747500 3.748810 -0.014000
v 0.945833 3.748810 -0.005000
v -1.037500 3.574702 -0.005000
v -0.839167 3.574702 -0.014000
v -0.640833 3.574702 -0.023000
v -0.442500 3.574702 -0.032000
v -0.244167 3.574702 -0.041000
v -0.045833 3.574702 -0.050000
v 0.152500 3.574702 -0.041000
v 0.350833 3.574702 -0.032000
v 0.549167 3.574702 -0.023000
v 0.747500 3.574702 -0.014000
v 0.945833 3.574702 -0.005000
v -1.037500 3.400595 -0.005000
v -0.839167 3.400595 -0.014000
v -0.640833 3.400595 -0.023000
v -0.442500 3.400595 -0.032000
v -0.244167 3.400595 -0.041000
v -0.045833 3.400595 -0.050000
v 0.152500 3.400595 -0.041000
v 0.350833 3.400595 -0.032000
v 0.549167 3.400595 -0.023000
v 0.747500 3.400595 -0.014000
v 0.945833 3.400595 -0.005000
v -1.037500 3.226488 -0.005000
v -0.839167 3.226488 -0.014000
v -0.640833 3.226488 -0.023000
v -0.442500 3.226488 -0.032000
v -0.244167 3.226488 -0.041000
v -0.045833 3.226488 -0.050000
v 0.152500 3.226488 -0.041000
v 0.350833 3.226488 -0.032000
v 0.549167 3.226488 -0.023000
v 0.747500 3.226488 -0.014000
v 0.945833 3.226488 -0.005000
v -1.037500 3.052381 -0.005000
v -0.839167 3.052381 -0.014000
v -0.640833 3.052381 -0.023000
v -0.442500 3.052381 -0.032000
v -0.244167 3.052381 -0.041000
v -0.045833 3.052381 -0.050000
v 0.152500 3.052381 -0.041000
v 0.350833 3.052381 -0.032000
v 0.549167 3.052381 -0.023000
v 0.747500 3.052381 -0.014000
v 0.945833 3.052381 -0.005000
v -1.037500 2.878274 -0.005000
v -0.839167 2.878274 -0.014000
v -0.640833 2.878274 -0.023000
v -0.442500 2.878274 -0.032000
v -0.244167 2.878274 -0.041000
v -0.045833 2.878274 -0.050000
v 0.152500 2.878274 -0.041000
v 0.350833 2.878274 -0.032000
v 0.549167 2.878274 -0.023000
v 0.747500 2.878274 -0.014000
v 0.945833 2.878274 -0.005000
v -1.037500 2.704167 -0.005000
v -0.839167 2.704167 -0.014000
v -0.640833 2.704167 -0.023000
v -0.442500 2.704167 -0.032000
v -0.244167 2.704167 -0.041000
v -0.045833 2.704167 -0.050000
v 0.152500 2.704167 -0.041000
v 0.350833 2.704167 -0.032000
v 0.549167 2.704167 -0.023000
v 0.747500 2.704167 -0.014000
v 0.945833 2.704167 -0.005000
vn -0.0453 -0.0000 -0.9990
vn -0.0000 -0.0000 -1.0000
vn 0.0453 -0.0000 -0.9990
vt 0.256836 0.803385
vt 0.303320 0.803385
vt 0.303320 0.776181
vt 0.256836 0.776181
vt 0.349805 0.803385
vt 0.349805 0.776181
vt 0.396289 0.803385
vt 0.396289 0.776181
vt 0.442773 0.803385
vt 0.442773 0.776181
vt 0.489258 0.803385
vt 0.489258 0.776181
vt 0.535742 0.803385
vt 0.535742 0.776181
vt 0.582227 0.803385
vt 0.582227 0.776181
vt 0.628711 0.803385
vt 0.628711 0.776181
vt 0.675195 0.803385
vt 0.675195 0.776181
vt 0.721680 0.803385
vt 0.721680 0.776181
vt 0.303320 0.748977
vt 0.256836 0.748977
vt 0.349805 0.748977
vt 0.396289 0.748977
vt 0.442773 0.748977
vt 0.489258 0.748977
vt 0.535742 0.748977
vt 0.582227 0.748977
vt 0.628711 0.748977
vt 0.675195 0.748977
vt 0.721680 0.748977
vt 0.303320 0.721773
vt 0.256836 0.721773
vt 0.349805 0.721773
vt 0.396289 0.721773
vt 0.442773 0.721773
vt 0.489258 0.721773
vt 0.535742 0.721773
vt 0.582227 0.721773
vt 0.628711 0.721773
vt 0.675195 0.721773
vt 0.721680 0.721773
vt 0.303320 0.694568
vt 0.256836 0.694568
vt 0.349805 0.694568
vt 0.396289 0.694568
vt 0.442773 0.694568
vt 0.489258 0.694568
vt 0.535742 0.694568
vt 0.582227 0.694568
vt 0.628711 0.694568
vt 0.675195 0.694568
vt 0.721680 0.694568
vt 0.303320 0.667364
vt 0.256836 0.667364
vt 0.349805 0.667364
vt 0.396289 0.667364
vt 0.442773 0.667364
vt 0.489258 0.667364
vt 0.535742 0.667364
vt 0.582227 0.667364
vt 0.628711 0.667364
vt 0.675195 0.667364
vt 0.721680 0.667364
vt 0.303320 0.640160
vt 0.256836 0.640160
vt 0.349805 0.640160
vt 0.396289 0.640160
vt 0.442773 0.640160
vt 0.489258 0.640160
vt 0.535742 0.640160
vt 0.582227 0.640160
vt 0.628711 0.640160
vt 0.675195 0.640160
vt 0.721680 0.640160
vt 0.303320 0.612956
vt 0.256836 0.612956
vt 0.349805 0.612956
vt 0.396289 0.612956
vt 0.442773 0.612956
vt 0.489258 0.612956
vt 0.535742 0.612956
vt 0.582227 0.612956
vt 0.628711 0.612956
vt 0.675195 0.612956
vt 0.721680 0.612956
vt 0.303320 0.585751
vt 0.256836 0.585751
vt 0.349805 0.585751
vt 0.396289 0.585751
vt 0.442773 0.585751
vt 0.489258 0.585751
vt 0.535742 0.585751
vt 0.582227 0.585751
vt 0.628711 0.585751
vt 0.675195 0.585751
vt 0.721680 0.585751
vt 0.303320 0.558547
vt 0.256836 0.558547
vt 0.349805 0.558547
vt 0.396289 0.558547
vt 0.442773 0.558547
vt 0.489258 0.558547
vt 0.535742 0.558547
vt 0.582227 0.558547
vt 0.628711 0.558547
vt 0.675195 0.558547
vt 0.721680 0.558547
vt 0.303320 0.531343
vt 0.256836 0.531343
vt 0.349805 0.531343
vt 0.396289 0.531343
vt 0.442773 0.531343
vt 0.489258 0.531343
vt 0.535742 0.531343
vt 0.582227 0.531343
vt 0.628711 0.531343
vt 0.675195 0.531343
vt 0.721680 0.531343
vt 0.303320 0.504139
vt 0.256836 0.504139
vt 0.349805 0.504139
vt 0.396289 0.504139
vt 0.442773 0.504139
vt 0.489258 0.504139
vt 0.535742 0.504139
vt 0.582227 0.504139
vt 0.628711 0.504139
vt 0.675195 0.504139
vt 0.721680 0.504139
vt 0.303320 0.476935
vt 0.256836 0.476935
vt 0.349805 0.476935
vt 0.396289 0.476935
vt 0.442773 0.476935
vt 0.489258 0.476935
vt 0.535742 0.476935
vt 0.582227 0.476935
vt 0.628711 0.476935
vt 0.675195 0.476935
vt 0.721680 0.476935
vt 0.303320 0.449730
vt 0.256836 0.449730
vt 0.349805 0.449730
vt 0.396289 0.449730
vt 0.442773 0.449730
vt 0.489258 0.449730
vt 0.535742 0.449730
vt 0.582227 0.449730
vt 0.628711 0.449730
vt 0.675195 0.449730
vt 0.721680 0.449730
vt 0.303320 0.422526
vt 0.256836 0.422526
vt 0.349805 0.422526
vt 0.396289 0.422526
vt 0.442773 0.422526
vt 0.489258 0.422526
vt 0.535742 0.422526
vt 0.582227 0.422526
vt 0.628711 0.422526
vt 0.675195 0.422526
vt 0.721680 0.422526
s 1
usemtl torso_inner_alpha
f 1055/1055/72 1056/1056/72 1067/1057/72 1066/1058/72
f 1056/1056/72 1057/1059/72 1068/1060/72 1067/1057/72
f 1057/1059/72 1058/1061/72 1069/1062/72 1068/1060/72
f 1058/1061/72 1059/1063/72 1070/1064/72 1069/1062/72
f 1059/1063/72 1060/1065/73 1071/1066/73 1070/1064/72
f 1060/1065/73 1061/1067/74 1072/1068/74 1071/1066/73
f 1061/1067/74 1062/1069/74 1073/1070/74 1072/1068/74
f 1062/1069/74 1063/1071/74 1074/1072/74 1073/1070/74
f 1063/1071/74 1064/1073/74 1075/1074/74 1074/1072/74
f 1064/1073/74 1065/1075/74 1076/1076/74 1075/1074/74
f 1066/1058/72 1067/1057/72 1078/1077/72 1077/1078/72
f 1067/1057/72 1068/1060/72 1079/1079/72 1078/1077/72
f 1068/1060/72 1069/1062/72 1080/1080/72 1079/1079/72
f 1069/1062/72 1070/1064/72 1081/1081/72 1080/1080/72
f 1070/1064/72 1071/1066/73 1082/1082/73 1081/1081/72
f 1071/1066/73 1072/1068/74 1083/1083/74 1082/1082/73
f 1072/1068/74 1073/1070/74 1084/1084/74 1083/1083/74
f 1073/1070/74 1074/1072/74 1085/1085/74 1084/1084/74
f 1074/1072/74 1075/1074/74 1086/1086/74 1085/1085/74
f 1075/1074/74 1076/1076/74 1087/1087/74 1086/1086/74
f 1077/1078/72 1078/1077/72 1089/1088/72 1088/1089/72
f 1078/1077/72 1079/1079/72 1090/1090/72 1089/1088/72
f 1079/1079/72 1080/1080/72 1091/1091/72 1090/1090/72
f 1080/1080/72 1081/1081/72 1092/1092/72 1091/1091/72
f 1081/1081/72 1082/1082/73 1093/1093/73 1092/1092/72
f 1082/1082/73 1083/1083/74 1094/1094/74 1093/1093/73
f 1083/1083/74 1084/1084/74 1095/1095/74 1094/1094/74
f 1084/1084/74 1085/1085/74 1096/1096/74 1095/1095/74
f 1085/1085/74 1086/1086/74 1097/1097/74 1096/1096/74
f 1086/1086/74 1087/1087/74 1098/1098/74 1097/1097/74
f 1088/1089/72 1089/1088/72 1100/1099/72 1099/1100/72
f 1089/1088/72 1090/1090/72 1101/1101/72 1100/1099/72
f 1090/1090/72 1091/1091/72 1102/1102/72 1101/1101/72
f 1091/1091/72 1092/1092/72 1103/1103/72 1102/1102/72
f 1092/1092/72 1093/1093/73 1104/1104/73 1103/1103/72
f 1093/1093/73 1094/1094/74 1105/1105/74 1104/1104/73
f 1094/1094/74 1095/1095/74 1106/1106/74 1105/1105/74
f 1095/1095/74 1096/1096/74 1107/1107/74 1106/1106/74
f 1096/1096/74 1097/1097/74 1108/1108/74 1107/1107/74
f 1097/1097/74 1098/1098/74 1109/1109/74 1108/1108/74
f 1099/1100/72 1100/1099/72 1111/1110/72 1110/1111/72
f 1100/1099/72 1101/1101/72 1112/1112/72 1111/1110/72
f 1101/1101/72 1102/1102/72 1113/1113/72 1112/1112/72
f 1102/1102/72 1103/1103/72 1114/1114/72 1113/1113/72
f 1103/1103/72 1104/1104/73 1115/1115/73 1114/1114/72
f 1104/1104/73 1105/1105/74 1116/1116/74 1115/1115/73
f 1105/1105/74 1106/1106/74 1117/1117/74 1116/1116/74
f 1106/1106/74 1107/1107/74 1118/1118/74 1117/1117/74
f 1107/1107/74 1108/1108/74 1119/1119/74 1118/1118/74
f 1108/1108/74 1109/1109/74 1120/1120/74 1119/1119/74
f 1110/1111/72 1111/1110/72 1122/1121/72 1121/1122/72
f 1111/1110/72 1112/1112/72 1123/1123/72 1122/1121/72
f 1112/1112/72 1113/1113/72 1124/1124/72 1123/1123/72
f 1113/1113/72 1114/1114/72 1125/1125/72 1124/1124/72
f 1114/1114/72 1115/1115/73 1126/1126/73 1125/1125/72
f 1115/1115/73 1116/1116/74 1127/1127/74 1126/1126/73
f 1116/1116/74 1117/1117/74 1128/1128/74 1127/1127/74
f 1117/1117/74 1118/1118/74 1129/1129/74 1128/1128/74
f 1118/1118/74 1119/1119/74 1130/1130/74 1129/1129/74
f 1119/1119/74 1120/1120/74 1131/1131/74 1130/1130/74
f 1121/1122/72 1122/1121/72 1133/1132/72 1132/1133/72
f 1122/1121/72 1123/1123/72 1134/1134/72 1133/1132/72
f 1123/1123/72 1124/1124/72 1135/1135/72 1134/1134/72
f 1124/1124/72 1125/1125/72 1136/1136/72 1135/1135/72
f 1125/1125/72 1126/1126/73 1137/1137/73 1136/1136/72
f 1126/1126/73 1127/1127/74 1138/1138/74 1137/1137/73
f 1127/1127/74 1128/1128/74 1139/1139/74 1138/1138/74
f 1128/1128/74 1129/1129/74 1140/1140/74 1139/1139/74
f 1129/1129/74 1130/1130/74 1141/1141/74 1140/1140/74
f 1130/1130/74 1131/1131/74 1142/1142/74 1141/1141/74
f 1132/1133/72 1133/1132/72 1144/1143/72 1143/1144/72
f 1133/1132/72 1134/1134/72 1145/1145/72 1144/1143/72
f 1134/1134/72 1135/1135/72 1146/1146/72 1145/1145/72
f 1135/1135/72 1136/1136/72 1147/1147/72 1146/1146/72
f 1136/1136/72 1137/1137/73 1148/1148/73 1147/1147/72
f 1137/1137/73 1138/1138/74 1149/1149/74 1148/1148/73
f 1138/1138/74 1139/1139/74 1150/1150/74 1149/1149/74
f 1139/1139/74 1140/1140/74 1151/1151/74 1150/1150/74
f 1140/1140/74 1141/1141/74 1152/1152/74 1151/1151/74
f 1141/1141/74 1142/1142/74 1153/1153/74 1152/1152/74
f 1143/1144/72 1144/1143/72 1155/1154/72 1154/1155/72
f 1144/1143/72 1145/1145/72 1156/1156/72 1155/1154/72
f 1145/1145/72 1146/1146/72 1157/1157/72 1156/1156/72
f 1146/1146/72 1147/1147/72 1158/1158/72 1157/1157/72
f 1147/1147/72 1148/1148/73 1159/1159/73 1158/1158/72
f 1148/1148/73 1149/1149/74 1160/1160/74 1159/1159/73
f 1149/1149/74 1150/1150/74 1161/1161/74 1160/1160/74
f 1150/1150/74 1151/1151/74 1162/1162/74 1161/1161/74
f 1151/1151/74 1152/1152/74 1163/1163/74 1162/1162/74
f 1152/1152/74 1153/1153/74 1164/1164/74 1163/1163/74
f 1154/1155/72 1155/1154/72 1166/1165/72 1165/1166/72
f 1155/1154/72 1156/1156/72 1167/1167/72 1166/1165/72
f 1156/1156/72 1157/1157/72 1168/1168/72 1167/1167/72
f 1157/1157/72 1158/1158/72 1169/1169/72 1168/1168/72
f 1158/1158/72 1159/1159/73 1170/1170/73 1169/1169/72
f 1159/1159/73 1160/1160/74 1171/1171/74 1170/1170/73
f 1160/1160/74 1161/1161/74 1172/1172/74 1171/1171/74
f 1161/1161/74 1162/1162/74 1173/1173/74 1172/1172/74
f 1162/1162/74 1163/1163/74 1174/1174/74 1173/1173/74
f 1163/1163/74 1164/1164/74 1175/1175/74 1174/1174/74
f 1165/1166/72 1166/1165/72 1177/1176/72 1176/1177/72
f 1166/1165/72 1167/1167/72 1178/1178/72 1177/1176/72
f 1167/1167/72 1168/1168/72 1179/1179/72 1178/1178/72
f 1168/1168/72 1169/1169/72 1180/1180/72 1179/1179/72
f 1169/1169/72 1170/1170/73 1181/1181/73 1180/1180/72
f 1170/1170/73 1171/1171/74 1182/1182/74 1181/1181/73
f 1171/1171/74 1172/1172/74 1183/1183/74 1182/1182/74
f 1172/1172/74 1173/1173/74 1184/1184/74 1183/1183/74
f 1173/1173/74 1174/1174/74 1185/1185/74 1184/1184/74
f 1174/1174/74 1175/1175/74 1186/1186/74 1185/1185/74
f 1176/1177/72 1177/1176/72 1188/1187/72 1187/1188/72
f 1177/1176/72 1178/1178/72 1189/1189/72 1188/1187/72
f 1178/1178/72 1179/1179/72 1190/1190/72 1189/1189/72
f 1179/1179/72 1180/1180/72 1191/1191/72 1190/1190/72
f 1180/1180/72 1181/1181/73 1192/1192/73 1191/1191/72
f 1181/1181/73 1182/1182/74 1193/1193/74 1192/1192/73
f 1182/1182/74 1183/1183/74 1194/1194/74 1193/1193/74
f 1183/1183/74 1184/1184/74 1195/1195/74 1194/1194/74
f 1184/1184/74 1185/1185/74 1196/1196/74 1195/1195/74
f 1185/1185/74 1186/1186/74 1197/1197/74 1196/1196/74
f 1187/1188/72 1188/1187/72 1199/1198/72 1198/1199/72
f 1188/1187/72 1189/1189/72 1200/1200/72 1199/1198/72
f 1189/1189/72 1190/1190/72 1201/1201/72 1200/1200/72
f 1190/1190/72 1191/1191/72 1202/1202/72 1201/1201/72
f 1191/1191/72 1192/1192/73 1203/1203/73 1202/1202/72
f 1192/1192/73 1193/1193/74 1204/1204/74 1203/1203/73
f 1193/1193/74 1194/1194/74 1205/1205/74 1204/1204/74
f 1194/1194/74 1195/1195/74 1206/1206/74 1205/1205/74
f 1195/1195/74 1196/1196/74 1207/1207/74 1206/1206/74
f 1196/1196/74 1197/1197/74 1208/1208/74 1207/1207/74
f 1198/1199/72 1199/1198/72 1210/1209/72 1209/1210/72
f 1199/1198/72 1200/1200/72 1211/1211/72 1210/1209/72
f 1200/1200/72 1201/1201/72 1212/1212/72 1211/1211/72
f 1201/1201/72 1202/1202/72 1213/1213/72 1212/1212/72
f 1202/1202/72 1203/1203/73 1214/1214/73 1213/1213/72
f 1203/1203/73 1204/1204/74 1215/1215/74 1214/1214/73
f 1204/1204/74 1205/1205/74 1216/1216/74 1215/1215/74
f 1205/1205/74 1206/1206/74 1217/1217/74 1216/1216/74
f 1206/1206/74 1207/1207/74 1218/1218/74 1217/1217/74
f 1207/1207/74 1208/1208/74 1219/1219/74 1218/1218/74
o jacket_outer
v -1.212500 5.179167 -0.305000
v -0.957917 5.179167 -0.314000
v -0.703333 5.179167 -0.323000
v -0.448750 5.179167 -0.332000
v -0.194167 5.179167 -0.341000
v 0.060417 5.179167 -0.350000
v 0.315000 5.179167 -0.341000
v 0.569583 5.179167 -0.332000
v 0.824167 5.179167 -0.323000
v 1.078750 5.179167 -0.314000
v 1.333333 5.179167 -0.305000
v -1.212500 4.962500 -0.305000
v -0.957917 4.962500 -0.314000
v -0.703333 4.962500 -0.323000
v -0.448750 4.962500 -0.332000
v -0.194167 4.962500 -0.341000
v 0.060417 4.962500 -0.350000
v 0.315000 4.962500 -0.341000
v 0.569583 4.962500 -0.332000
v 0.824167 4.962500 -0.323000
v 1.078750 4.962500 -0.314000
v 1.333333 4.962500 -0.305000
v -1.212500 4.745833 -0.305000
v -0.957917 4.745833 -0.314000
v -0.703333 4.745833 -0.323000
v -0.448750 4.745833 -0.332000
v -0.194167 4.745833 -0.341000
v 0.060417 4.745833 -0.350000
v 0.315000 4.745833 -0.341000
v 0.569583 4.745833 -0.332000
v 0.824167 4.745833 -0.323000
v 1.078750 4.745833 -0.314000
v 1.333333 4.745833 -0.305000
v -1.212500 4.529167 -0.305000
v -0.957917 4.529167 -0.314000
v -0.703333 4.529167 -0.323000
v -0.448750 4.529167 -0.332000
v -0.194167 4.529167 -0.341000
v 0.060417 4.529167 -0.350000
v 0.315000 4.529167 -0.341000
v 0.569583 4.529167 -0.332000
v 0.824167 4.529167 -0.323000
v 1.078750 4.529167 -0.314000
v 1.333333 4.529167 -0.305000
v -1.212500 4.312500 -0.305000
v -0.957917 4.312500 -0.314000
v -0.703333 4.312500 -0.323000
v -0.448750 4.312500 -0.332000
v -0.194167 4.312500 -0.341000
v 0.060417 4.312500 -0.350000
v 0.315000 4.312500 -0.341000
v 0.569583 4.312500 -0.332000
v 0.824167 4.312500 -0.323000
v 1.078750 4.312500 -0.314000
v 1.333333 4.312500 -0.305000
v -1.212500 4.095833 -0.305000
v -0.957917 4.095833 -0.314000
v -0.703333 4.095833 -0.323000
v -0.448750 4.095833 -0.332000
v -0.194167 4.095833 -0.341000
v 0.060417 4.095833 -0.350000
v 0.315000 4.095833 -0.341000
v 0.569583 4.095833 -0.332000
v 0.824167 4.095833 -0.323000
v 1.078750 4.095833 -0.314000
v 1.333333 4.095833 -0.305000
v -1.212500 3.879167 -0.305000
v -0.957917 3.879167 -0.314000
v -0.703333 3.879167 -0.323000
v -0.448750 3.879167 -0.332000
v -0.194167 3.879167 -0.341000
v 0.060417 3.879167 -0.350000
v 0.315000 3.879167 -0.341000
v 0.569583 3.879167 -0.332000
v 0.824167 3.879167 -0.323000
v 1.078750 3.879167 -0.314000
v 1.333333 3.879167 -0.305000
v -1.212500 3.662500 -0.305000
v -0.957917 3.662500 -0.314000
v -0.703333 3.662500 -0.323000
v -0.448750 3.662500 -0.332000
v -0.194167 3.662500 -0.341000
v 0.060417 3.662500 -0.350000
v 0.315000 3.662500 -0.341000
v 0.569583 3.662500 -0.332000
v 0.824167 3.662500 -0.323000
v 1.078750 3.662500 -0.314000
v 1.333333 3.662500 -0.305000
v -1.212500 3.445833 -0.305000
v -0.957917 3.445833 -0.314000
v -0.703333 3.445833 -0.323000
v -0.448750 3.445833 -0.332000
v -0.194167 3.445833 -0.341000
v 0.060417 3.445833 -0.350000
v 0.315000 3.445833 -0.341000
v 0.569583 3.445833 -0.332000
v 0.824167 3.445833 -0.323000
v 1.078750 3.445833 -0.314000
v 1.333333 3.445833 -0.305000
v -1.212500 3.229167 -0.305000
v -0.957917 3.229167 -0.314000
v -0.703333 3.229167 -0.323000
v -0.448750 3.229167 -0.332000
v -0.194167 3.229167 -0.341000
v 0.060417 3.229167 -0.350000
v 0.315000 3.229167 -0.341000
v 0.569583 3.229167 -0.332000
v 0.824167 3.229167 -0.323000
v 1.078750 3.229167 -0.314000
v 1.333333 3.229167 -0.305000
v -1.212500 3.012500 -0.305000
v -0.957917 3.012500 -0.314000
v -0.703333 3.012500 -0.323000
v -0.448750 3.012500 -0.332000
v -0.194167 3.012500 -0.341000
v 0.060417 3.012500 -0.350000
v 0.315000 3.012500 -0.341000
v 0.569583 3.012500 -0.332000
v 0.824167 3.012500 -0.323000
v 1.078750 3.012500 -0.314000
v 1.333333 3.012500 -0.305000
v -1.212500 2.795833 -0.305000
v -0.957917 2.795833 -0.314000
v -0.703333 2.795833 -0.323000
v -0.448750 2.795833 -0.332000
v -0.194167 2.795833 -0.341000
v 0.060417 2.795833 -0.350000
v 0.315000 2.795833 -0.341000
v 0.569583 2.795833 -0.332000
v 0.824167 2.795833 -0.323000
v 1.078750 2.795833 -0.314000
v 1.333333 2.795833 -0.305000
v -1.212500 2.579167 -0.305000
v -0.957917 2.579167 -0.314000
v -0.703333 2.579167 -0.323000
v -0.448750 2.579167 -0.332000
v -0.194167 2.579167 -0.341000
v 0.060417 2.579167 -0.350000
v 0.315000 2.579167 -0.341000
v 0.569583 2.579167 -0.332000
v 0.824167 2.579167 -0.323000
v 1.078750 2.579167 -0.314000
v 1.333333 2.579167 -0.305000
v -1.212500 2.362500 -0.305000
v -0.957917 2.362500 -0.314000
v -0.703333 2.362500 -0.323000
v -0.448750 2.362500 -0.332000
v -0.194167 2.362500 -0.341000
v 0.060417 2.362500 -0.350000
v 0.315000 2.362500 -0.341000
v 0.569583 2.362500 -0.332000
v 0.824167 2.362500 -0.323000
v 1.078750 2.362500 -0.314000
v 1.333333 2.362500 -0.305000
v -1.212500 2.145833 -0.305000
v -0.957917 2.145833 -0.314000
v -0.703333 2.145833 -0.323000
v -0.448750 2.145833 -0.332000
v -0.194167 2.145833 -0.341000
v 0.060417 2.145833 -0.350000
v 0.315000 2.145833 -0.341000
v 0.569583 2.145833 -0.332000
v 0.824167 2.145833 -0.323000
v 1.078750 2.145833 -0.314000
v 1.333333 2.145833 -0.305000
vn -0.0353 -0.0000 -0.9994
vn -0.0000 -0.0000 -1.0000
vn 0.0353 -0.0000 -0.9994
vt 0.215820 0.809245
vt 0.275488 0.809245
vt 0.275488 0.775391
vt 0.215820 0.775391
vt 0.335156 0.809245
vt 0.335156 0.775391
vt 0.394824 0.809245
vt 0.394824 0.775391
vt 0.454492 0.809245
vt 0.454492 0.775391
vt 0.514160 0.809245
vt 0.514160 0.775391
vt 0.573828 0.809245
vt 0.573828 0.775391
vt 0.633496 0.809245
vt 0.633496 0.775391
vt 0.693164 0.809245
vt 0.693164 0.775391
vt 0.752832 0.809245
vt 0.752832 0.775391
vt 0.812500 0.809245
vt 0.812500 0.775391
vt 0.275488 0.741536
vt 0.215820 0.741536
vt 0.335156 0.741536
vt 0.394824 0.741536
vt 0.454492 0.741536
vt 0.514160 0.741536
vt 0.573828 0.741536
vt 0.633496 0.741536
vt 0.693164 0.741536
vt 0.752832 0.741536
vt 0.812500 0.741536
vt 0.275488 0.707682
vt 0.215820 0.707682
vt 0.335156 0.707682
vt 0.394824 0.707682
vt 0.454492 0.707682
vt 0.514160 0.707682
vt 0.573828 0.707682
vt 0.633496 0.707682
vt 0.693164 0.707682
vt 0.752832 0.707682
vt 0.812500 0.707682
vt 0.275488 0.673828
vt 0.215820 0.673828
vt 0.335156 0.673828
vt 0.394824 0.673828
vt 0.454492 0.673828
vt 0.514160 0.673828
vt 0.573828 0.673828
vt 0.633496 0.673828
vt 0.693164 0.673828
vt 0.752832 0.673828
vt 0.812500 0.673828
vt 0.275488 0.639974
vt 0.215820 0.639974
vt 0.335156 0.639974
vt 0.394824 0.639974
vt 0.454492 0.639974
vt 0.514160 0.639974
vt 0.573828 0.639974
vt 0.633496 0.639974
vt 0.693164 0.639974
vt 0.752832 0.639974
vt 0.812500 0.639974
vt 0.275488 0.606120
vt 0.215820 0.606120
vt 0.335156 0.606120
vt 0.394824 0.606120
vt 0.454492 0.606120
vt 0.514160 0.606120
vt 0.573828 0.606120
vt 0.633496 0.606120
vt 0.693164 0.606120
vt 0.752832 0.606120
vt 0.812500 0.606120
vt 0.275488 0.572266
vt 0.215820 0.572266
vt 0.335156 0.572266
vt 0.394824 0.572266
vt 0.454492 0.572266
vt 0.514160 0.572266
vt 0.573828 0.572266
vt 0.633496 0.572266
vt 0.693164 0.572266
vt 0.752832 0.572266
vt 0.812500 0.572266
vt 0.275488 0.538411
vt 0.215820 0.538411
vt 0.335156 0.538411
vt 0.394824 0.538411
vt 0.454492 0.538411
vt 0.514160 0.538411
vt 0.573828 0.538411
vt 0.633496 0.538411
vt 0.693164 0.538411
vt 0.752832 0.538411
vt 0.812500 0.538411
vt 0.275488 0.504557
vt 0.215820 0.504557
vt 0.335156 0.504557
vt 0.394824 0.504557
vt 0.454492 0.504557
vt 0.514160 0.504557
vt 0.573828 0.504557
vt 0.633496 0.504557
vt 0.693164 0.504557
vt 0.752832 0.504557
vt 0.812500 0.504557
vt 0.275488 0.470703
vt 0.215820 0.470703
vt 0.335156 0.470703
vt 0.394824 0.470703
vt 0.454492 0.470703
vt 0.514160 0.470703
vt 0.573828 0.470703
vt 0.633496 0.470703
vt 0.693164 0.470703
vt 0.752832 0.470703
vt 0.812500 0.470703
vt 0.275488 0.436849
vt 0.215820 0.436849
vt 0.335156 0.436849
vt 0.394824 0.436849
vt 0.454492 0.436849
vt 0.514160 0.436849
vt 0.573828 0.436849
vt 0.633496 0.436849
vt 0.693164 0.436849
vt 0.752832 0.436849
vt 0.812500 0.436849
vt 0.275488 0.402995
vt 0.215820 0.402995
vt 0.335156 0.402995
vt 0.394824 0.402995
vt 0.454492 0.402995
vt 0.514160 0.402995
vt 0.573828 0.402995
vt 0.633496 0.402995
vt 0.693164 0.402995
vt 0.752832 0.402995
vt 0.812500 0.402995
vt 0.275488 0.369141
vt 0.215820 0.369141
vt 0.335156 0.369141
vt 0.394824 0.369141
vt 0.454492 0.369141
vt 0.514160 0.369141
vt 0.573828 0.369141
vt 0.633496 0.369141
vt 0.693164 0.369141
vt 0.752832 0.369141
vt 0.812500 0.369141
vt 0.275488 0.335286
vt 0.215820 0.335286
vt 0.335156 0.335286
vt 0.394824 0.335286
vt 0.454492 0.335286
vt 0.514160 0.335286
vt 0.573828 0.335286
vt 0.633496 0.335286
vt 0.693164 0.335286
vt 0.752832 0.335286
vt 0.812500 0.335286
s 1
usemtl jacket_outer_alpha
f 1220/1220/75 1221/1221/75 1232/1222/75 1231/1223/75
f 1221/1221/75 1222/1224/75 1233/1225/75 1232/1222/75
f 1222/1224/75 1223/1226/75 1234/1227/75 1233/1225/75
f 1223/1226/75 1224/1228/75 1235/1229/75 1234/1227/75
f 1224/1228/75 1225/1230/76 1236/1231/76 1235/1229/75
f 1225/1230/76 1226/1232/77 1237/1233/77 1236/1231/76
f 1226/1232/77 1227/1234/77 1238/1235/77 1237/1233/77
f 1227/1234/77 1228/1236/77 1239/1237/77 1238/1235/77
f 1228/1236/77 1229/1238/77 1240/1239/77 1239/1237/77
f 1229/1238/77 1230/1240/77 1241/1241/77 1240/1239/77
f 1231/1223/75 1232/1222/75 1243/1242/75 1242/1243/75
f 1232/1222/75 1233/1225/75 1244/1244/75 1243/1242/75
f 1233/1225/75 1234/1227/75 1245/1245/75 1244/1244/75
f 1234/1227/75 1235/1229/75 1246/1246/75 1245/1245/75
f 1235/1229/75 1236/1231/76 1247/1247/76 1246/1246/75
f 1236/1231/76 1237/1233/77 1248/1248/77 1247/1247/76
f 1237/1233/77 1238/1235/77 1249/1249/77 1248/1248/77
f 1238/1235/77 1239/1237/77 1250/1250/77 1249/1249/77
f 1239/1237/77 1240/1239/77 1251/1251/77 1250/1250/77
f 1240/1239/77 1241/1241/77 1252/1252/77 1251/1251/77
f 1242/1243/75 1243/1242/75 1254/1253/75 1253/1254/75
f 1243/1242/75 1244/1244/75 1255/1255/75 1254/1253/75
f 1244/1244/75 1245/1245/75 1256/1256/75 1255/1255/75
f 1245/1245/75 1246/1246/75 1257/1257/75 1256/1256/75
f 1246/1246/75 1247/1247/76 1258/1258/76 1257/1257/75
f 1247/1247/76 1248/1248/77 1259/1259/77 1258/1258/76
f 1248/1248/77 1249/1249/77 1260/1260/77 1259/1259/77
f 1249/1249/77 1250/1250/77 1261/1261/77 1260/1260/77
f 1250/1250/77 1251/1251/77 1262/1262/77 1261/1261/77
f 1251/1251/77 1252/1252/77 1263/1263/77 1262/1262/77
f 1253/1254/75 1254/1253/75 1265/1264/75 1264/1265/75
f 1254/1253/75 1255/1255/75 1266/1266/75 1265/1264/75
f 1255/1255/75 1256/1256/75 1267/1267/75 1266/1266/75
f 1256/1256/75 1257/1257/75 1268/1268/75 1267/1267/75
f 1257/1257/75 1258/1258/76 1269/1269/76 1268/1268/75
f 1258/1258/76 1259/1259/77 1270/1270/77 1269/1269/76
f 1259/1259/77 1260/1260/77 1271/1271/77 1270/1270/77
f 1260/1260/77 1261/1261/77 1272/1272/77 1271/1271/77
f 1261/1261/77 1262/1262/77 1273/1273/77 1272/1272/77
f 1262/1262/77 1263/1263/77 1274/1274/77 1273/1273/77
f 1264/1265/75 1265/1264/75 1276/1275/75 1275/1276/75
f 1265/1264/75 1266/1266/75 1277/1277/75 1276/1275/75
f 1266/1266/75 1267/1267/75 1278/1278/75 1277/1277/75
f 1267/1267/75 1268/1268/75 1279/1279/75 1278/1278/75
f 1268/1268/75 1269/1269/76 1280/1280/76 1279/1279/75
f 1269/1269/76 1270/1270/77 1281/1281/77 1280/1280/76
f 1270/1270/77 1271/1271/77 1282/1282/77 1281/1281/77
f 1271/1271/77 1272/1272/77 1283/1283/77 1282/1282/77
f 1272/1272/77 1273/1273/77 1284/1284/77 1283/1283/77
f 1273/1273/77 1274/1274/77 1285/1285/77 1284/1284/77
f 1275/1276/75 1276/1275/75 1287/1286/75 1286/1287/75
f 1276/1275/75 1277/1277/75 1288/1288/75 1287/1286/75
f 1277/1277/75 1278/1278/75 1289/1289/75 1288/1288/75
f 1278/1278/75 1279/1279/75 1290/1290/75 1289/1289/75
f 1279/1279/75 1280/1280/76 1291/1291/76 1290/1290/75
f 1280/1280/76 1281/1281/77 1292/1292/77 1291/1291/76
f 1281/1281/77 1282/1282/77 1293/1293/77 1292/1292/77
f 1282/1282/77 1283/1283/77 1294/1294/77 1293/1293/77
f 1283/1283/77 1284/1284/77 1295/1295/77 1294/1294/77
f 1284/1284/77 1285/1285/77 1296/1296/77 1295/1295/77
f 1286/1287/75 1287/1286/75 1298/1297/75 1297/1298/75
f 1287/1286/75 1288/1288/75 1299/1299/75 1298/1297/75
f 1288/1288/75 1289/1289/75 1300/1300/75 1299/1299/75
f 1289/1289/75 1290/1290/75 1301/1301/75 1300/1300/75
f 1290/1290/75 1291/1291/76 1302/1302/76 1301/1301/75
f 1291/1291/76 1292/1292/77 1303/1303/77 1302/1302/76
f 1292/1292/77 1293/1293/77 1304/1304/77 1303/1303/77
f 1293/1293/77 1294/1294/77 1305/1305/77 1304/1304/77
f 1294/1294/77 1295/1295/77 1306/1306/77 1305/1305/77
f 1295/1295/77 1296/1296/77 1307/1307/77 1306/1306/77
f 1297/1298/75 1298/1297/75 1309/1308/75 1308/1309/75
f 1298/1297/75 1299/1299/75 1310/1310/75 1309/1308/75
f 1299/1299/75 1300/1300/75 1311/1311/75 1310/1310/75
f 1300/1300/75 1301/1301/75 1312/1312/75 1311/1311/75
f 1301/1301/75 1302/1302/76 1313/1313/76 1312/1312/75
f 1302/1302/76 1303/1303/77 1314/1314/77 1313/1313/76
f 1303/1303/77 1304/1304/77 1315/1315/77 1314/1314/77
f 1304/1304/77 1305/1305/77 1316/1316/77 1315/1315/77
f 1305/1305/77 1306/1306/77 1317/1317/77 1316/1316/77
f 1306/1306/77 1307/1307/77 1318/1318/77 1317/1317/77
f 1308/1309/75 1309/1308/75 1320/1319/75 1319/1320/75
f 1309/1308/75 1310/1310/75 1321/1321/75 1320/1319/75
f 1310/1310/75 1311/1311/75 1322/1322/75 1321/1321/75
f 1311/1311/75 1312/1312/75 1323/1323/75 1322/1322/75
f 1312/1312/75 1313/1313/76 1324/1324/76 1323/1323/75
f 1313/1313/76 1314/1314/77 1325/1325/77 1324/1324/76
f 1314/1314/77 1315/1315/77 1326/1326/77 1325/1325/77
f 1315/1315/77 1316/1316/77 1327/1327/77 1326/1326/77
f 1316/1316/77 1317/1317/77 1328/1328/77 1327/1327/77
f 1317/1317/77 1318/1318/77 1329/1329/77 1328/1328/77
f 1319/1320/75 1320/1319/75 1331/1330/75 1330/1331/75
f 1320/1319/75 1321/1321/75 1332/1332/75 1331/1330/75
f 1321/1321/75 1322/1322/75 1333/1333/75 1332/1332/75
f 1322/1322/75 1323/1323/75 1334/1334/75 1333/1333/75
f 1323/1323/75 1324/1324/76 1335/1335/76 1334/1334/75
f 1324/1324/76 1325/1325/77 1336/1336/77 1335/1335/76
f 1325/1325/77 1326/1326/77 1337/1337/77 1336/1336/77
f 1326/1326/77 1327/1327/77 1338/1338/77 1337/1337/77
f 1327/1327/77 1328/1328/77 1339/1339/77 1338/1338/77
f 1328/1328/77 1329/1329/77 1340/1340/77 1339/1339/77
f 1330/1331/75 1331/1330/75 1342/1341/75 1341/1342/75
f 1331/1330/75 1332/1332/75 1343/1343/75 1342/1341/75
f 1332/1332/75 1333/1333/75 1344/1344/75 1343/1343/75
f 1333/1333/75 1334/1334/75 1345/1345/75 1344/1344/75
f 1334/1334/75 1335/1335/76 1346/1346/76 1345/1345/75
f 1335/1335/76 1336/1336/77 1347/1347/77 1346/1346/76
f 1336/1336/77 1337/1337/77 1348/1348/77 1347/1347/77
f 1337/1337/77 1338/1338/77 1349/1349/77 1348/1348/77
f 1338/1338/77 1339/1339/77 1350/1350/77 1349/1349/77
f 1339/1339/77 1340/1340/77 1351/1351/77 1350/1350/77
f 1341/1342/75 1342/1341/75 1353/1352/75 1352/1353/75
f 1342/1341/75 1343/1343/75 1354/1354/75 1353/1352/75
f 1343/1343/75 1344/1344/75 1355/1355/75 1354/1354/75
f 1344/1344/75 1345/1345/75 1356/1356/75 1355/1355/75
f 1345/1345/75 1346/1346/76 1357/1357/76 1356/1356/75
f 1346/1346/76 1347/1347/77 1358/1358/77 1357/1357/76
f 1347/1347/77 1348/1348/77 1359/1359/77 1358/1358/77
f 1348/1348/77 1349/1349/77 1360/1360/77 1359/1359/77
f 1349/1349/77 1350/1350/77 1361/1361/77 1360/1360/77
f 1350/1350/77 1351/1351/77 1362/1362/77 1361/1361/77
f 1352/1353/75 1353/1352/75 1364/1363/75 1363/1364/75
f 1353/1352/75 1354/1354/75 1365/1365/75 1364/1363/75
f 1354/1354/75 1355/1355/75 1366/1366/75 1365/1365/75
f 1355/1355/75 1356/1356/75 1367/1367/75 1366/1366/75
f 1356/1356/75 1357/1357/76 1368/1368/76 1367/1367/75
f 1357/1357/76 1358/1358/77 1369/1369/77 1368/1368/76
f 1358/1358/77 1359/1359/77 1370/1370/77 1369/1369/77
f 1359/1359/77 1360/1360/77 1371/1371/77 1370/1370/77
f 1360/1360/77 1361/1361/77 1372/1372/77 1371/1371/77
f 1361/1361/77 1362/1362/77 1373/1373/77 1372/1372/77
f 1363/1364/75 1364/1363/75 1375/1374/75 1374/1375/75
f 1364/1363/75 1365/1365/75 1376/1376/75 1375/1374/75
f 1365/1365/75 1366/1366/75 1377/1377/75 1376/1376/75
f 1366/1366/75 1367/1367/75 1378/1378/75 1377/1377/75
f 1367/1367/75 1368/1368/76 1379/1379/76 1378/1378/75
f 1368/1368/76 1369/1369/77 1380/1380/77 1379/1379/76
f 1369/1369/77 1370/1370/77 1381/1381/77 1380/1380/77
f 1370/1370/77 1371/1371/77 1382/1382/77 1381/1381/77
f 1371/1371/77 1372/1372/77 1383/1383/77 1382/1382/77
f 1372/1372/77 1373/1373/77 1384/1384/77 1383/1383/77
o cape_left
v -1.829167 4.441667 0.452500
v -1.636458 4.441667 0.458125
v -1.443750 4.441667 0.463750
v -1.251042 4.441667 0.469375
v -1.058333 4.441667 0.475000
v -0.865625 4.441667 0.480625
v -0.672917 4.441667 0.486250
v -0.480208 4.441667 0.491875
v -0.287500 4.441667 0.497500
v -1.829167 4.233102 0.449444
v -1.636458 4.233102 0.455069
v -1.443750 4.233102 0.460694
v -1.251042 4.233102 0.466319
v -1.058333 4.233102 0.471944
v -0.865625 4.233102 0.477569
v -0.672917 4.233102 0.483194
v -0.480208 4.233102 0.488819
v -0.287500 4.233102 0.494444
v -1.829167 4.024537 0.446389
v -1.636458 4.024537 0.452014
v -1.443750 4.024537 0.457639
v -1.251042 4.024537 0.463264
v -1.058333 4.024537 0.468889
v -0.865625 4.024537 0.474514
v -0.672917 4.024537 0.480139
v -0.480208 4.024537 0.485764
v -0.287500 4.024537 0.491389
v -1.829167 3.815972 0.443333
v -1.636458 3.815972 0.448958
v -1.443750 3.815972 0.454583
v -1.251042 3.815972 0.460208
v -1.058333 3.815972 0.465833
v -0.865625 3.815972 0.471458
v -0.672917 3.815972 0.477083
v -0.480208 3.815972 0.482708
v -0.287500 3.815972 0.488333
v -1.829167 3.607407 0.440278
v -1.636458 3.607407 0.445903
v -1.443750 3.607407 0.451528
v -1.251042 3.607407 0.457153
v -1.058333 3.607407 0.462778
v -0.865625 3.607407 0.468403
v -0.672917 3.607407 0.474028
v -0.480208 3.607407 0.479653
v -0.287500 3.607407 0.485278
v -1.829167 3.398843 0.437222
v -1.636458 3.398843 0.442847
v -1.443750 3.398843 0.448472
v -1.251042 3.398843 0.454097
v -1.058333 3.398843 0.459722
v -0.865625 3.398843 0.465347
v -0.672917 3.398843 0.470972
v -0.480208 3.398843 0.476597
v -0.287500 3.398843 0.482222
v -1.829167 3.190278 0.434167
v -1.636458 3.190278 0.439792
v -1.443750 3.190278 0.445417
v -1.251042 3.190278 0.451042
v -1.058333 3.190278 0.456667
v -0.865625 3.190278 0.462292
v -0.672917 3.190278 0.467917
v -0.480208 3.190278 0.473542
v -0.287500 3.190278 0.479167
v -1.829167 2.981713 0.431111
v -1.636458 2.981713 0.436736
v -1.443750 2.981713 0.442361
v -1.251042 2.981713 0.447986
v -1.058333 2.981713 0.453611
v -0.865625 2.981713 0.459236
v -0.672917 2.981713 0.464861
v -0.480208 2.981713 0.470486
v -0.287500 2.981713 0.476111
v -1.829167 2.773148 0.428056
v -1.636458 2.773148 0.433681
v -1.443750 2.773148 0.439306
v -1.251042 2.773148 0.444931
v -1.058333 2.773148 0.450556
v -0.865625 2.773148 0.456181
v -0.672917 2.773148 0.461806
v -0.480208 2.773148 0.467431
v -0.287500 2.773148 0.473056
v -1.829167 2.564583 0.425000
v -1.636458 2.564583 0.430625
v -1.443750 2.564583 0.436250
v -1.251042 2.564583 0.441875
v -1.058333 2.564583 0.447500
v -0.865625 2.564583 0.453125
v -0.672917 2.564583 0.458750
v -0.480208 2.564583 0.464375
v -0.287500 2.564583 0.470000
v -1.829167 2.356019 0.421944
v -1.636458 2.356019 0.427569
v -1.443750 2.356019 0.433194
v -1.251042 2.356019 0.438819
v -1.058333 2.356019 0.444444
v -0.865625 2.356019 0.450069
v -0.672917 2.356019 0.455694
v -0.480208 2.356019 0.461319
v -0.287500 2.356019 0.466944
v -1.829167 2.147454 0.418889
v -1.636458 2.147454 0.424514
v -1.443750 2.147454 0.430139
v -1.251042 2.147454 0.435764
v -1.058333 2.147454 0.441389
v -0.865625 2.147454 0.447014
v -0.672917 2.147454 0.452639
v -0.480208 2.147454 0.458264
v -0.287500 2.147454 0.463889
v -1.829167 1.938889 0.415833
v -1.636458 1.938889 0.421458
v -1.443750 1.938889 0.427083
v -1.251042 1.938889 0.432708
v -1.058333 1.938889 0.438333
v -0.865625 1.938889 0.443958
v -0.672917 1.938889 0.449583
v -0.480208 1.938889 0.455208
v -0.287500 1.938889 0.460833
v -1.829167 1.730324 0.412778
v -1.636458 1.730324 0.418403
v -1.443750 1.730324 0.424028
v -1.251042 1.730324 0.429653
v -1.058333 1.730324 0.435278
v -0.865625 1.730324 0.440903
v -0.672917 1.730324 0.446528
v -0.480208 1.730324 0.452153
v -0.287500 1.730324 0.457778
v -1.829167 1.521759 0.409722
v -1.636458 1.521759 0.415347
v -1.443750 1.521759 0.420972
v -1.251042 1.521759 0.426597
v -1.058333 1.521759 0.432222
v -0.865625 1.521759 0.437847
v -0.672917 1.521759 0.443472
v -0.480208 1.521759 0.449097
v -0.287500 1.521759 0.454722
v -1.829167 1.313194 0.406667
v -1.636458 1.313194 0.412292
v -1.443750 1.313194 0.417917
v -1.251042 1.313194 0.423542
v -1.058333 1.313194 0.429167
v -0.865625 1.313194 0.434792
v -0.672917 1.313194 0.440417
v -0.480208 1.313194 0.446042
v -0.287500 1.313194 0.451667
v -1.829167 1.104630 0.403611
v -1.636458 1.104630 0.409236
v -1.443750 1.104630 0.414861
v -1.251042 1.104630 0.420486
v -1.058333 1.104630 0.426111
v -0.865625 1.104630 0.431736
v -0.672917 1.104630 0.437361
v -0.480208 1.104630 0.442986
v -0.287500 1.104630 0.448611
v -1.829167 0.896065 0.400556
v -1.636458 0.896065 0.406181
v -1.443750 0.896065 0.411806
v -1.251042 0.896065 0.417431
v -1.058333 0.896065 0.423056
v -0.865625 0.896065 0.428681
v -0.672917 0.896065 0.434306
v -0.480208 0.896065 0.439931
v -0.287500 0.896065 0.445556
v -1.829167 0.687500 0.397500
v -1.636458 0.687500 0.403125
v -1.443750 0.687500 0.408750
v -1.251042 0.687500 0.414375
v -1.058333 0.687500 0.420000
v -0.865625 0.687500 0.425625
v -0.672917 0.687500 0.431250
v -0.480208 0.687500 0.436875
v -0.287500 0.687500 0.442500
vn 0.0292 0.0146 -0.9995
vt 0.071289 0.694010
vt 0.116455 0.694010
vt 0.116455 0.661422
vt 0.071289 0.661422
vt 0.161621 0.694010
vt 0.161621 0.661422
vt 0.206787 0.694010
vt 0.206787 0.661422
vt 0.251953 0.694010
vt 0.251953 0.661422
vt 0.297119 0.694010
vt 0.297119 0.661422
vt 0.342285 0.694010
vt 0.342285 0.661422
vt 0.387451 0.694010
vt 0.387451 0.661422
vt 0.432617 0.694010
vt 0.432617 0.661422
vt 0.116455 0.628834
vt 0.071289 0.628834
vt 0.161621 0.628834
vt 0.206787 0.628834
vt 0.251953 0.628834
vt 0.297119 0.628834
vt 0.342285 0.628834
vt 0.387451 0.628834
vt 0.432617 0.628834
vt 0.116455 0.596246
vt 0.071289 0.596246
vt 0.161621 0.596246
vt 0.206787 0.596246
vt 0.251953 0.596246
vt 0.297119 0.596246
vt 0.342285 0.596246
vt 0.387451 0.596246
vt 0.432617 0.596246
vt 0.116455 0.563657
vt 0.071289 0.563657
vt 0.161621 0.563657
vt 0.206787 0.563657
vt 0.251953 0.563657
vt 0.297119 0.563657
vt 0.342285 0.563657
vt 0.387451 0.563657
vt 0.432617 0.563657
vt 0.116455 0.531069
vt 0.071289 0.531069
vt 0.161621 0.531069
vt 0.206787 0.531069
vt 0.251953 0.531069
vt 0.297119 0.531069
vt 0.342285 0.531069
vt 0.387451 0.531069
vt 0.432617 0.531069
vt 0.116455 0.498481
vt 0.071289 0.498481
vt 0.161621 0.498481
vt 0.206787 0.498481
vt 0.251953 0.498481
vt 0.297119 0.498481
vt 0.342285 0.498481
vt 0.387451 0.498481
vt 0.432617 0.498481
vt 0.116455 0.465893
vt 0.071289 0.465893
vt 0.161621 0.465893
vt 0.206787 0.465893
vt 0.251953 0.465893
vt 0.297119 0.465893
vt 0.342285 0.465893
vt 0.387451 0.465893
vt 0.432617 0.465893
vt 0.116455 0.433304
vt 0.071289 0.433304
vt 0.161621 0.433304
vt 0.206787 0.433304
vt 0.251953 0.433304
vt 0.297119 0.433304
vt 0.342285 0.433304
vt 0.387451 0.433304
vt 0.432617 0.433304
vt 0.116455 0.400716
vt 0.071289 0.400716
vt 0.161621 0.400716
vt 0.206787 0.400716
vt 0.251953 0.400716
vt 0.297119 0.400716
vt 0.342285 0.400716
vt 0.387451 0.400716
vt 0.432617 0.400716
vt 0.116455 0.368128
vt 0.071289 0.368128
vt 0.161621 0.368128
vt 0.206787 0.368128
vt 0.251953 0.368128
vt 0.297119 0.368128
vt 0.342285 0.368128
vt 0.387451 0.368128
vt 0.432617 0.368128
vt 0.116455 0.335540
vt 0.071289 0.335540
vt 0.161621 0.335540
vt 0.206787 0.335540
vt 0.251953 0.335540
vt 0.297119 0.335540
vt 0.342285 0.335540
vt 0.387451 0.335540
vt 0.432617 0.335540
vt 0.116455 0.302951
vt 0.071289 0.302951
vt 0.161621 0.302951
vt 0.206787 0.302951
vt 0.251953 0.302951
vt 0.297119 0.302951
vt 0.342285 0.302951
vt 0.387451 0.302951
vt 0.432617 0.302951
vt 0.116455 0.270363
vt 0.071289 0.270363
vt 0.161621 0.270363
vt 0.206787 0.270363
vt 0.251953 0.270363
vt 0.297119 0.270363
vt 0.342285 0.270363
vt 0.387451 0.270363
vt 0.432617 0.270363
vt 0.116455 0.237775
vt 0.071289 0.237775
vt 0.161621 0.237775
vt 0.206787 0.237775
vt 0.251953 0.237775
vt 0.297119 0.237775
vt 0.342285 0.237775
vt 0.387451 0.237775
vt 0.432617 0.237775
vt 0.116455 0.205187
vt 0.071289 0.205187
vt 0.161621 0.205187
vt 0.206787 0.205187
vt 0.251953 0.205187
vt 0.297119 0.205187
vt 0.342285 0.205187
vt 0.387451 0.205187
vt 0.432617 0.205187
vt 0.116455 0.172598
vt 0.071289 0.172598
vt 0.161621 0.172598
vt 0.206787 0.172598
vt 0.251953 0.172598
vt 0.297119 0.172598
vt 0.342285 0.172598
vt 0.387451 0.172598
vt 0.432617 0.172598
vt 0.116455 0.140010
vt 0.071289 0.140010
vt 0.161621 0.140010
vt 0.206787 0.140010
vt 0.251953 0.140010
vt 0.297119 0.140010
vt 0.342285 0.140010
vt 0.387451 0.140010
vt 0.432617 0.140010
vt 0.116455 0.107422
vt 0.071289 0.107422
vt 0.161621 0.107422
vt 0.206787 0.107422
vt 0.251953 0.107422
vt 0.297119 0.107422
vt 0.342285 0.107422
vt 0.387451 0.107422
vt 0.432617 0.107422
s 1
usemtl cape_left_alpha
f 1385/1385/78 1386/1386/78 1395/1387/78 1394/1388/78
f 1386/1386/78 1387/1389/78 1396/1390/78 1395/1387/78
f 1387/1389/78 1388/1391/78 1397/1392/78 1396/1390/78
f 1388/1391/78 1389/1393/78 1398/1394/78 1397/1392/78
f 1389/1393/78 1390/1395/78 1399/1396/78 1398/1394/78
f 1390/1395/78 1391/1397/78 1400/1398/78 1399/1396/78
f 1391/1397/78 1392/1399/78 1401/1400/78 1400/1398/78
f 1392/1399/78 1393/1401/78 1402/1402/78 1401/1400/78
f 1394/1388/78 1395/1387/78 1404/1403/78 1403/1404/78
f 1395/1387/78 1396/1390/78 1405/1405/78 1404/1403/78
f 1396/1390/78 1397/1392/78 1406/1406/78 1405/1405/78
f 1397/1392/78 1398/1394/78 1407/1407/78 1406/1406/78
f 1398/1394/78 1399/1396/78 1408/1408/78 1407/1407/78
f 1399/1396/78 1400/1398/78 1409/1409/78 1408/1408/78
f 1400/1398/78 1401/1400/78 1410/1410/78 1409/1409/78
f 1401/1400/78 1402/1402/78 1411/1411/78 1410/1410/78
f 1403/1404/78 1404/1403/78 1413/1412/78 1412/1413/78
f 1404/1403/78 1405/1405/78 1414/1414/78 1413/1412/78
f 1405/1405/78 1406/1406/78 1415/1415/78 1414/1414/78
f 1406/1406/78 1407/1407/78 1416/1416/78 1415/1415/78
f 1407/1407/78 1408/1408/78 1417/1417/78 1416/1416/78
f 1408/1408/78 1409/1409/78 1418/1418/78 1417/1417/78
f 1409/1409/78 1410/1410/78 1419/1419/78 1418/1418/78
f 1410/1410/78 1411/1411/78 1420/1420/78 1419/1419/78
f 1412/1413/78 1413/1412/78 1422/1421/78 1421/1422/78
f 1413/1412/78 1414/1414/78 1423/1423/78 1422/1421/78
f 1414/1414/78 1415/1415/78 1424/1424/78 1423/1423/78
f 1415/1415/78 1416/1416/78 1425/1425/78 1424/1424/78
f 1416/1416/78 1417/1417/78 1426/1426/78 1425/1425/78
f 1417/1417/78 1418/1418/78 1427/1427/78 1426/1426/78
f 1418/1418/78 1419/1419/78 1428/1428/78 1427/1427/78
f 1419/1419/78 1420/1420/78 1429/1429/78 1428/1428/78
f 1421/1422/78 1422/1421/78 1431/1430/78 1430/1431/78
f 1422/1421/78 1423/1423/78 1432/1432/78 1431/1430/78
f 1423/1423/78 1424/1424/78 1433/1433/78 1432/1432/78
f 1424/1424/78 1425/1425/78 1434/1434/78 1433/1433/78
f 1425/1425/78 1426/1426/78 1435/1435/78 1434/1434/78
f 1426/1426/78 1427/1427/78 1436/1436/78 1435/1435/78
f 1427/1427/78 1428/1428/78 1437/1437/78 1436/1436/78
f 1428/1428/78 1429/1429/78 1438/1438/78 1437/1437/78
f 1430/1431/78 1431/1430/78 1440/1439/78 1439/1440/78
f 1431/1430/78 1432/1432/78 1441/1441/78 1440/1439/78
f 1432/1432/78 1433/1433/78 1442/1442/78 1441/1441/78
f 1433/1433/78 1434/1434/78 1443/1443/78 1442/1442/78
f 1434/1434/78 1435/1435/78 1444/1444/78 1443/1443/78
f 1435/1435/78 1436/1436/78 1445/1445/78 1444/1444/78
f 1436/1436/78 1437/1437/78 1446/1446/78 1445/1445/78
f 1437/1437/78 1438/1438/78 1447/1447/78 1446/1446/78
f 1439/1440/78 1440/1439/78 1449/1448/78 1448/1449/78
f 1440/1439/78 1441/1441/78 1450/1450/78 1449/1448/78
f 1441/1441/78 1442/1442/78 1451/1451/78 1450/1450/78
f 1442/1442/78 1443/1443/78 1452/1452/78 1451/1451/78
f 1443/1443/78 1444/1444/78 1453/1453/78 1452/1452/78
f 1444/1444/78 1445/1445/78 1454/1454/78 1453/1453/78
f 1445/1445/78 1446/1446/78 1455/1455/78 1454/1454/78
f 1446/1446/78 1447/1447/78 1456/1456/78 1455/1455/78
f 1448/1449/78 1449/1448/78 1458/1457/78 1457/1458/78
f 1449/1448/78 1450/1450/78 1459/1459/78 1458/1457/78
f 1450/1450/78 1451/1451/78 1460/1460/78 1459/1459/78
f 1451/1451/78 1452/1452/78 1461/1461/78 1460/1460/78
f 1452/1452/78 1453/1453/78 1462/1462/78 1461/1461/78
f 1453/1453/78 1454/1454/78 1463/1463/78 1462/1462/78
f 1454/1454/78 1455/1455/78 1464/1464/78 1463/1463/78
f 1455/1455/78 1456/1456/78 1465/1465/78 1464/1464/78
f 1457/1458/78 1458/1457/78 1467/1466/78 1466/1467/78
f 1458/1457/78 1459/1459/78 1468/1468/78 1467/1466/78
f 1459/1459/78 1460/1460/78 1469/1469/78 1468/1468/78
f 1460/1460/78 1461/1461/78 1470/1470/78 1469/1469/78
f 1461/1461/78 1462/1462/78 1471/1471/78 1470/1470/78
f 1462/1462/78 1463/1463/78 1472/1472/78 1471/1471/78
f 1463/1463/78 1464/1464/78 1473/1473/78 1472/1472/78
f 1464/1464/78 1465/1465/78 1474/1474/78 1473/1473/78
f 1466/1467/78 1467/1466/78 1476/1475/78 1475/1476/78
f 1467/1466/78 1468/1468/78 1477/1477/78 1476/1475/78
f 1468/1468/78 1469/1469/78 1478/1478/78 1477/1477/78
f 1469/1469/78 1470/1470/78 1479/1479/78 1478/1478/78
f 1470/1470/78 1471/1471/78 1480/1480/78 1479/1479/78
f 1471/1471/78 1472/1472/78 1481/1481/78 1480/1480/78
f 1472/1472/78 1473/1473/78 1482/1482/78 1481/1481/78
f 1473/1473/78 1474/1474/78 1483/1483/78 1482/1482/78
f 1475/1476/78 1476/1475/78 1485/1484/78 1484/1485/78
f 1476/1475/78 1477/1477/78 1486/1486/78 1485/1484/78
f 1477/1477/78 1478/1478/78 1487/1487/78 1486/1486/78
f 1478/1478/78 1479/1479/78 1488/1488/78 1487/1487/78
f 1479/1479/78 1480/1480/78 1489/1489/78 1488/1488/78
f 1480/1480/78 1481/1481/78 1490/1490/78 1489/1489/78
f 1481/1481/78 1482/1482/78 1491/1491/78 1490/1490/78
f 1482/1482/78 1483/1483/78 1492/1492/78 1491/1491/78
f 1484/1485/78 1485/1484/78 1494/1493/78 1493/1494/78
f 1485/1484/78 1486/1486/78 1495/1495/78 1494/1493/78
f 1486/1486/78 1487/1487/78 1496/1496/78 1495/1495/78
f 1487/1487/78 1488/1488/78 1497/1497/78 1496/1496/78
f 1488/1488/78 1489/1489/78 1498/1498/78 1497/1497/78
f 1489/1489/78 1490/1490/78 1499/1499/78 1498/1498/78
f 1490/1490/78 1491/1491/78 1500/1500/78 1499/1499/78
f 1491/1491/78 1492/1492/78 1501/1501/78 1500/1500/78
f 1493/1494/78 1494/1493/78 1503/1502/78 1502/1503/78
f 1494/1493/78 1495/1495/78 1504/1504/78 1503/1502/78
f 1495/1495/78 1496/1496/78 1505/1505/78 1504/1504/78
f 1496/1496/78 1497/1497/78 1506/1506/78 1505/1505/78
f 1497/1497/78 1498/1498/78 1507/1507/78 1506/1506/78
f 1498/1498/78 1499/1499/78 1508/1508/78 1507/1507/78
f 1499/1499/78 1500/1500/78 1509/1509/78 1508/1508/78
f 1500/1500/78 1501/1501/78 1510/1510/78 1509/1509/78
f 1502/1503/78 1503/1502/78 1512/1511/78 1511/1512/78
f 1503/1502/78 1504/1504/78 1513/1513/78 1512/1511/78
f 1504/1504/78 1505/1505/78 1514/1514/78 1513/1513/78
f 1505/1505/78 1506/1506/78 1515/1515/78 1514/1514/78
f 1506/1506/78 1507/1507/78 1516/1516/78 1515/1515/78
f 1507/1507/78 1508/1508/78 1517/1517/78 1516/1516/78
f 1508/1508/78 1509/1509/78 1518/1518/78 1517/1517/78
f 1509/1509/78 1510/1510/78 1519/1519/78 1518/1518/78
f 1511/1512/78 1512/1511/78 1521/1520/78 1520/1521/78
f 1512/1511/78 1513/1513/78 1522/1522/78 1521/1520/78
f 1513/1513/78 1514/1514/78 1523/1523/78 1522/1522/78
f 1514/1514/78 1515/1515/78 1524/1524/78 1523/1523/78
f 1515/1515/78 1516/1516/78 1525/1525/78 1524/1524/78
f 1516/1516/78 1517/1517/78 1526/1526/78 1525/1525/78
f 1517/1517/78 1518/1518/78 1527/1527/78 1526/1526/78
f 1518/1518/78 1519/1519/78 1528/1528/78 1527/1527/78
f 1520/1521/78 1521/1520/78 1530/1529/78 1529/1530/78
f 1521/1520/78 1522/1522/78 1531/1531/78 1530/1529/78
f 1522/1522/78 1523/1523/78 1532/1532/78 1531/1531/78
f 1523/1523/78 1524/1524/78 1533/1533/78 1532/1532/78
f 1524/1524/78 1525/1525/78 1534/1534/78 1533/1533/78
f 1525/1525/78 1526/1526/78 1535/1535/78 1534/1534/78
f 1526/1526/78 1527/1527/78 1536/1536/78 1535/1535/78
f 1527/1527/78 1528/1528/78 1537/1537/78 1536/1536/78
f 1529/1530/78 1530/1529/78 1539/1538/78 1538/1539/78
f 1530/1529/78 1531/1531/78 1540/1540/78 1539/1538/78
f 1531/1531/78 1532/1532/78 1541/1541/78 1540/1540/78
f 1532/1532/78 1533/1533/78 1542/1542/78 1541/1541/78
f 1533/1533/78 1534/1534/78 1543/1543/78 1542/1542/78
f 1534/1534/78 1535/1535/78 1544/1544/78 1543/1543/78
f 1535/1535/78 1536/1536/78 1545/1545/78 1544/1544/78
f 1536/1536/78 1537/1537/78 1546/1546/78 1545/1545/78
f 1538/1539/78 1539/1538/78 1548/1547/78 1547/1548/78
f 1539/1538/78 1540/1540/78 1549/1549/78 1548/1547/78
f 1540/1540/78 1541/1541/78 1550/1550/78 1549/1549/78
f 1541/1541/78 1542/1542/78 1551/1551/78 1550/1550/78
f 1542/1542/78 1543/1543/78 1552/1552/78 1551/1551/78
f 1543/1543/78 1544/1544/78 1553/1553/78 1552/1552/78
f 1544/1544/78 1545/1545/78 1554/1554/78 1553/1553/78
f 1545/1545/78 1546/1546/78 1555/1555/78 1554/1554/78
o cape_right
v 0.304167 4.608333 0.437500
v 0.526563 4.608333 0.431875
v 0.748958 4.608333 0.426250
v 0.971354 4.608333 0.420625
v 1.193750 4.608333 0.415000
v 1.416146 4.608333 0.409375
v 1.638542 4.608333 0.403750
v 1.860937 4.608333 0.398125
v 2.083333 4.608333 0.392500
v 0.304167 4.396759 0.434444
v 0.526563 4.396759 0.428819
v 0.748958 4.396759 0.423194
v 0.971354 4.396759 0.417569
v 1.193750 4.396759 0.411944
v 1.416146 4.396759 0.406319
v 1.638542 4.396759 0.400694
v 1.860937 4.396759 0.395069
v 2.083333 4.396759 0.389444
v 0.304167 4.185185 0.431389
v 0.526563 4.185185 0.425764
v 0.748958 4.185185 0.420139
v 0.971354 4.185185 0.414514
v 1.193750 4.185185 0.408889
v 1.416146 4.185185 0.403264
v 1.638542 4.185185 0.397639
v 1.860937 4.185185 0.392014
v 2.083333 4.185185 0.386389
v 0.304167 3.973611 0.428333
v 0.526563 3.973611 0.422708
v 0.748958 3.973611 0.417083
v 0.971354 3.973611 0.411458
v 1.193750 3.973611 0.405833
v 1.416146 3.973611 0.400208
v 1.638542 3.973611 0.394583
v 1.860937 3.973611 0.388958
v 2.083333 3.973611 0.383333
v 0.304167 3.762037 0.425278
v 0.526563 3.762037 0.419653
v 0.748958 3.762037 0.414028
v 0.971354 3.762037 0.408403
v 1.193750 3.762037 0.402778
v 1.416146 3.762037 0.397153
v 1.638542 3.762037 0.391528
v 1.860937 3.762037 0.385903
v 2.083333 3.762037 0.380278
v 0.304167 3.550463 0.422222
v 0.526563 3.550463 0.416597
v 0.748958 3.550463 0.410972
v 0.971354 3.550463 0.405347
v 1.193750 3.550463 0.399722
v 1.416146 3.550463 0.394097
v 1.638542 3.550463 0.388472
v 1.860937 3.550463 0.382847
v 2.083333 3.550463 0.377222
v 0.304167 3.338889 0.419167
v 0.526563 3.338889 0.413542
v 0.748958 3.338889 0.407917
v 0.971354 3.338889 0.402292
v 1.193750 3.338889 0.396667
v 1.416146 3.338889 0.391042
v 1.638542 3.338889 0.385417
v 1.860937 3.338889 0.379792
v 2.083333 3.338889 0.374167
v 0.304167 3.127315 0.416111
v 0.526563 3.127315 0.410486
v 0.748958 3.127315 0.404861
v 0.971354 3.127315 0.399236
v 1.193750 3.127315 0.393611
v 1.416146 3.127315 0.387986
v 1.638542 3.127315 0.382361
v 1.860937 3.127315 0.376736
v 2.083333 3.127315 0.371111
v 0.304167 2.915741 0.413056
v 0.526563 2.915741 0.407431
v 0.748958 2.915741 0.401806
v 0.971354 2.915741 0.396181
v 1.193750 2.915741 0.390556
v 1.416146 2.915741 0.384931
v 1.638542 2.915741 0.379306
v 1.860937 2.915741 0.373681
v 2.083333 2.915741 0.368056
v 0.304167 2.704167 0.410000
v 0.526563 2.704167 0.404375
v 0.748958 2.704167 0.398750
v 0.971354 2.704167 0.393125
v 1.193750 2.704167 0.387500
v 1.416146 2.704167 0.381875
v 1.638542 2.704167 0.376250
v 1.860937 2.704167 0.370625
v 2.083333 2.704167 0.365000
v 0.304167 2.492593 0.406944
v 0.526563 2.492593 0.401319
v 0.748958 2.492593 0.395694
v 0.971354 2.492593 0.390069
v 1.193750 2.492593 0.384444
v 1.416146 2.492593 0.378819
v 1.638542 2.492593 0.373194
v 1.860937 2.492593 0.367569
v 2.083333 2.492593 0.361944
v 0.304167 2.281018 0.403889
v 0.526563 2.281018 0.398264
v 0.748958 2.281018 0.392639
v 0.971354 2.281018 0.387014
v 1.193750 2.281018 0.381389
v 1.416146 2.281018 0.375764
v 1.638542 2.281018 0.370139
v 1.860937 2.281018 0.364514
v 2.083333 2.281018 0.358889
v 0.304167 2.069444 0.400833
v 0.526563 2.069444 0.395208
v 0.748958 2.069444 0.389583
v 0.971354 2.069444 0.383958
v 1.193750 2.069444 0.378333
v 1.416146 2.069444 0.372708
v 1.638542 2.069444 0.367083
v 1.860937 2.069444 0.361458
v 2.083333 2.069444 0.355833
v 0.304167 1.857870 0.397778
v 0.526563 1.857870 0.392153
v 0.748958 1.857870 0.386528
v 0.971354 1.857870 0.380903
v 1.193750 1.857870 0.375278
v 1.416146 1.857870 0.369653
v 1.638542 1.857870 0.364028
v 1.860937 1.857870 0.358403
v 2.083333 1.857870 0.352778
v 0.304167 1.646296 0.394722
v 0.526563 1.646296 0.389097
v 0.748958 1.646296 0.383472
v 0.971354 1.646296 0.377847
v 1.193750 1.646296 0.372222
v 1.416146 1.646296 0.366597
v 1.638542 1.646296 0.360972
v 1.860937 1.646296 0.355347
v 2.083333 1.646296 0.349722
v 0.304167 1.434722 0.391667
v 0.526563 1.434722 0.386042
v 0.748958 1.434722 0.380417
v 0.971354 1.434722 0.374792
v 1.193750 1.434722 0.369167
v 1.416146 1.434722 0.363542
v 1.638542 1.434722 0.357917
v 1.860937 1.434722 0.352292
v 2.083333 1.434722 0.346667
v 0.304167 1.223148 0.388611
v 0.526563 1.223148 0.382986
v 0.748958 1.223148 0.377361
v 0.971354 1.223148 0.371736
v 1.193750 1.223148 0.366111
v 1.416146 1.223148 0.360486
v 1.638542 1.223148 0.354861
v 1.860937 1.223148 0.349236
v 2.083333 1.223148 0.343611
v 0.304167 1.011574 0.385556
v 0.526563 1.011574 0.379931
v 0.748958 1.011574 0.374306
v 0.971354 1.011574 0.368681
v 1.193750 1.011574 0.363056
v 1.416146 1.011574 0.357431
v 1.638542 1.011574 0.351806
v 1.860937 1.011574 0.346181
v 2.083333 1.011574 0.340556
v 0.304167 0.800000 0.382500
v 0.526563 0.800000 0.376875
v 0.748958 0.800000 0.371250
v 0.971354 0.800000 0.365625
v 1.193750 0.800000 0.360000
v 1.416146 0.800000 0.354375
v 1.638542 0.800000 0.348750
v 1.860937 0.800000 0.343125
v 2.083333 0.800000 0.337500
vn -0.0253 0.0144 -0.9996
vt 0.571289 0.720052
vt 0.623413 0.720052
vt 0.623413 0.686994
vt 0.571289 0.686994
vt 0.675537 0.720052
vt 0.675537 0.686994
vt 0.727661 0.720052
vt 0.727661 0.686994
vt 0.779785 0.720052
vt 0.779785 0.686994
vt 0.831909 0.720052
vt 0.831909 0.686994
vt 0.884033 0.720052
vt 0.884033 0.686994
vt 0.936157 0.720052
vt 0.936157 0.686994
vt 0.988281 0.720052
vt 0.988281 0.686994
vt 0.623413 0.653935
vt 0.571289 0.653935
vt 0.675537 0.653935
vt 0.727661 0.653935
vt 0.779785 0.653935
vt 0.831909 0.653935
vt 0.884033 0.653935
vt 0.936157 0.653935
vt 0.988281 0.653935
vt 0.623413 0.620877
vt 0.571289 0.620877
vt 0.675537 0.620877
vt 0.727661 0.620877
vt 0.779785 0.620877
vt 0.831909 0.620877
vt 0.884033 0.620877
vt 0.936157 0.620877
vt 0.988281 0.620877
vt 0.623413 0.587818
vt 0.571289 0.587818
vt 0.675537 0.587818
vt 0.727661 0.587818
vt 0.779785 0.587818
vt 0.831909 0.587818
vt 0.884033 0.587818
vt 0.936157 0.587818
vt 0.988281 0.587818
vt 0.623413 0.554760
vt 0.571289 0.554760
vt 0.675537 0.554760
vt 0.727661 0.554760
vt 0.779785 0.554760
vt 0.831909 0.554760
vt 0.884033 0.554760
vt 0.936157 0.554760
vt 0.988281 0.554760
vt 0.623413 0.521701
vt 0.571289 0.521701
vt 0.675537 0.521701
vt 0.727661 0.521701
vt 0.779785 0.521701
vt 0.831909 0.521701
vt 0.884033 0.521701
vt 0.936157 0.521701
vt 0.988281 0.521701
vt 0.623413 0.488643
vt 0.571289 0.488643
vt 0.675537 0.488643
vt 0.727661 0.488643
vt 0.779785 0.488643
vt 0.831909 0.488643
vt 0.884033 0.488643
vt 0.936157 0.488643
vt 0.988281 0.488643
vt 0.623413 0.455584
vt 0.571289 0.455584
vt 0.675537 0.455584
vt 0.727661 0.455584
vt 0.779785 0.455584
vt 0.831909 0.455584
vt 0.884033 0.455584
vt 0.936157 0.455584
vt 0.988281 0.455584
vt 0.623413 0.422526
vt 0.571289 0.422526
vt 0.675537 0.422526
vt 0.727661 0.422526
vt 0.779785 0.422526
vt 0.831909 0.422526
vt 0.884033 0.422526
vt 0.936157 0.422526
vt 0.988281 0.422526
vt 0.623413 0.389468
vt 0.571289 0.389468
vt 0.675537 0.389468
vt 0.727661 0.389468
vt 0.779785 0.389468
vt 0.831909 0.389468
vt 0.884033 0.389468
vt 0.936157 0.389468
vt 0.988281 0.389468
vt 0.623413 0.356409
vt 0.571289 0.356409
vt 0.675537 0.356409
vt 0.727661 0.356409
vt 0.779785 0.356409
vt 0.831909 0.356409
vt 0.884033 0.356409
vt 0.936157 0.356409
vt 0.988281 0.356409
vt 0.623413 0.323351
vt 0.571289 0.323351
vt 0.675537 0.323351
vt 0.727661 0.323351
vt 0.779785 0.323351
vt 0.831909 0.323351
vt 0.884033 0.323351
vt 0.936157 0.323351
vt 0.988281 0.323351
vt 0.623413 0.290292
vt 0.571289 0.290292
vt 0.675537 0.290292
vt 0.727661 0.290292
vt 0.779785 0.290292
vt 0.831909 0.290292
vt 0.884033 0.290292
vt 0.936157 0.290292
vt 0.988281 0.290292
vt 0.623413 0.257234
vt 0.571289 0.257234
vt 0.675537 0.257234
vt 0.727661 0.257234
vt 0.779785 0.257234
vt 0.831909 0.257234
vt 0.884033 0.257234
vt 0.936157 0.257234
vt 0.988281 0.257234
vt 0.623413 0.224175
vt 0.571289 0.224175
vt 0.675537 0.224175
vt 0.727661 0.224175
vt 0.779785 0.224175
vt 0.831909 0.224175
vt 0.884033 0.224175
vt 0.936157 0.224175
vt 0.988281 0.224175
vt 0.623413 0.191117
vt 0.571289 0.191117
vt 0.675537 0.191117
vt 0.727661 0.191117
vt 0.779785 0.191117
vt 0.831909 0.191117
vt 0.884033 0.191117
vt 0.936157 0.191117
vt 0.988281 0.191117
vt 0.623413 0.158058
vt 0.571289 0.158058
vt 0.675537 0.158058
vt 0.727661 0.158058
vt 0.779785 0.158058
vt 0.831909 0.158058
vt 0.884033 0.158058
vt 0.936157 0.158058
vt 0.988281 0.158058
vt 0.623413 0.125000
vt 0.571289 0.125000
vt 0.675537 0.125000
vt 0.727661 0.125000
vt 0.779785 0.125000
vt 0.831909 0.125000
vt 0.884033 0.125000
vt 0.936157 0.125000
vt 0.988281 0.125000
s 1
usemtl cape_right_alpha
f 1556/1556/79 1557/1557/79 1566/1558/79 1565/1559/79
f 1557/1557/79 1558/1560/79 1567/1561/79 1566/1558/79
f 1558/1560/79 1559/1562/79 1568/1563/79 1567/1561/79
f 1559/1562/79 1560/1564/79 1569/1565/79 1568/1563/79
f 1560/1564/79 1561/1566/79 1570/1567/79 1569/1565/79
f 1561/1566/79 1562/1568/79 1571/1569/79 1570/1567/79
f 1562/1568/79 1563/1570/79 1572/1571/79 1571/1569/79
f 1563/1570/79 1564/1572/79 1573/1573/79 1572/1571/79
f 1565/1559/79 1566/1558/79 1575/1574/79 1574/1575/79
f 1566/1558/79 1567/1561/79 1576/1576/79 1575/1574/79
f 1567/1561/79 1568/1563/79 1577/1577/79 1576/1576/79
f 1568/1563/79 1569/1565/79 1578/1578/79 1577/1577/79
f 1569/1565/79 1570/1567/79 1579/1579/79 1578/1578/79
f 1570/1567/79 1571/1569/79 1580/1580/79 1579/1579/79
f 1571/1569/79 1572/1571/79 1581/1581/79 1580/1580/79
f 1572/1571/79 1573/1573/79 1582/1582/79 1581/1581/79
f 1574/1575/79 1575/1574/79 1584/1583/79 1583/1584/79
f 1575/1574/79 1576/1576/79 1585/1585/79 1584/1583/79
f 1576/1576/79 1577/1577/79 1586/1586/79 1585/1585/79
f 1577/1577/79 1578/1578/79 1587/1587/79 1586/1586/79
f 1578/1578/79 1579/1579/79 1588/1588/79 1587/1587/79
f 1579/1579/79 1580/1580/79 1589/1589/79 1588/1588/79
f 1580/1580/79 1581/1581/79 1590/1590/79 1589/1589/79
f 1581/1581/79 1582/1582/79 1591/1591/79 1590/1590/79
f 1583/1584/79 1584/1583/79 1593/1592/79 1592/1593/79
f 1584/1583/79 1585/1585/79 1594/1594/79 1593/1592/79
f 1585/1585/79 1586/1586/79 1595/1595/79 1594/1594/79
f 1586/1586/79 1587/1587/79 1596/1596/79 1595/1595/79
f 1587/1587/79 1588/1588/79 1597/1597/79 1596/1596/79
f 1588/1588/79 1589/1589/79 1598/1598/79 1597/1597/79
f 1589/1589/79 1590/1590/79 1599/1599/79 1598/1598/79
f 1590/1590/79 1591/1591/79 1600/1600/79 1599/1599/79
f 1592/1593/79 1593/1592/79 1602/1601/79 1601/1602/79
f 1593/1592/79 1594/1594/79 1603/1603/79 1602/1601/79
f 1594/1594/79 1595/1595/79 1604/1604/79 1603/1603/79
f 1595/1595/79 1596/1596/79 1605/1605/79 1604/1604/79
f 1596/1596/79 1597/1597/79 1606/1606/79 1605/1605/79
f 1597/1597/79 1598/1598/79 1607/1607/79 1606/1606/79
f 1598/1598/79 1599/1599/79 1608/1608/79 1607/1607/79
f 1599/1599/79 1600/1600/79 1609/1609/79 1608/1608/79
f 1601/1602/79 1602/1601/79 1611/1610/79 1610/1611/79
f 1602/1601/79 1603/1603/79 1612/1612/79 1611/1610/79
f 1603/1603/79 1604/1604/79 1613/1613/79 1612/1612/79
f 1604/1604/79 1605/1605/79 1614/1614/79 1613/1613/79
f 1605/1605/79 1606/1606/79 1615/1615/79 1614/1614/79
f 1606/1606/79 1607/1607/79 1616/1616/79 1615/1615/79
f 1607/1607/79 1608/1608/79 1617/1617/79 1616/1616/79
f 1608/1608/79 1609/1609/79 1618/1618/79 1617/1617/79
f 1610/1611/79 1611/1610/79 1620/1619/79 1619/1620/79
f 1611/1610/79 1612/1612/79 1621/1621/79 1620/1619/79
f 1612/1612/79 1613/1613/79 1622/1622/79 1621/1621/79
f 1613/1613/79 1614/1614/79 1623/1623/79 1622/1622/79
f 1614/1614/79 1615/1615/79 1624/1624/79 1623/1623/79
f 1615/1615/79 1616/1616/79 1625/1625/79 1624/1624/79
f 1616/1616/79 1617/1617/79 1626/1626/79 1625/1625/79
f 1617/1617/79 1618/1618/79 1627/1627/79 1626/1626/79
f 1619/1620/79 1620/1619/79 1629/1628/79 1628/1629/79
f 1620/1619/79 1621/1621/79 1630/1630/79 1629/1628/79
f 1621/1621/79 1622/1622/79 1631/1631/79 1630/1630/79
f 1622/1622/79 1623/1623/79 1632/1632/79 1631/1631/79
f 1623/1623/79 1624/1624/79 1633/1633/79 1632/1632/79
f 1624/1624/79 1625/1625/79 1634/1634/79 1633/1633/79
f 1625/1625/79 1626/1626/79 1635/1635/79 1634/1634/79
f 1626/1626/79 1627/1627/79 1636/1636/79 1635/1635/79
f 1628/1629/79 1629/1628/79 1638/1637/79 1637/1638/79
f 1629/1628/79 1630/1630/79 1639/1639/79 1638/1637/79
f 1630/1630/79 1631/1631/79 1640/1640/79 1639/1639/79
f 1631/1631/79 1632/1632/79 1641/1641/79 1640/1640/79
f 1632/1632/79 1633/1633/79 1642/1642/79 1641/1641/79
f 1633/1633/79 1634/1634/79 1643/1643/79 1642/1642/79
f 1634/1634/79 1635/1635/79 1644/1644/79 1643/1643/79
f 1635/1635/79 1636/1636/79 1645/1645/79 1644/1644/79
f 1637/1638/79 1638/1637/79 1647/1646/79 1646/1647/79
f 1638/1637/79 1639/1639/79 1648/1648/79 1647/1646/79
f 1639/1639/79 1640/1640/79 1649/1649/79 1648/1648/79
f 1640/1640/79 1641/1641/79 1650/1650/79 1649/1649/79
f 1641/1641/79 1642/1642/79 1651/1651/79 1650/1650/79
f 1642/1642/79 1643/1643/79 1652/1652/79 1651/1651/79
f 1643/1643/79 1644/1644/79 1653/1653/79 1652/1652/79
f 1644/1644/79 1645/1645/79 1654/1654/79 1653/1653/79
f 1646/1647/79 1647/1646/79 1656/1655/79 1655/1656/79
f 1647/1646/79 1648/1648/79 1657/1657/79 1656/1655/79
f 1648/1648/79 1649/1649/79 1658/1658/79 1657/1657/79
f 1649/1649/79 1650/1650/79 1659/1659/79 1658/1658/79
f 1650/1650/79 1651/1651/79 1660/1660/79 1659/1659/79
f 1651/1651/79 1652/1652/79 1661/1661/79 1660/1660/79
f 1652/1652/79 1653/1653/79 1662/1662/79 1661/1661/79
f 1653/1653/79 1654/1654/79 1663/1663/79 1662/1662/79
f 1655/1656/79 1656/1655/79 1665/1664/79 1664/1665/79
f 1656/1655/79 1657/1657/79 1666/1666/79 1665/1664/79
f 1657/1657/79 1658/1658/79 1667/1667/79 1666/1666/79
f 1658/1658/79 1659/1659/79 1668/1668/79 1667/1667/79
f 1659/1659/79 1660/1660/79 1669/1669/79 1668/1668/79
f 1660/1660/79 1661/1661/79 1670/1670/79 1669/1669/79
f 1661/1661/79 1662/1662/79 1671/1671/79 1670/1670/79
f 1662/1662/79 1663/1663/79 1672/1672/79 1671/1671/79
f 1664/1665/79 1665/1664/79 1674/1673/79 1673/1674/79
f 1665/1664/79 1666/1666/79 1675/1675/79 1674/1673/79
f 1666/1666/79 1667/1667/79 1676/1676/79 1675/1675/79
f 1667/1667/79 1668/1668/79 1677/1677/79 1676/1676/79
f 1668/1668/79 1669/1669/79 1678/1678/79 1677/1677/79
f 1669/1669/79 1670/1670/79 1679/1679/79 1678/1678/79
f 1670/1670/79 1671/1671/79 1680/1680/79 1679/1679/79
f 1671/1671/79 1672/1672/79 1681/1681/79 1680/1680/79
f 1673/1674/79 1674/1673/79 1683/1682/79 1682/1683/79
f 1674/1673/79 1675/1675/79 1684/1684/79 1683/1682/79
f 1675/1675/79 1676/1676/79 1685/1685/79 1684/1684/79
f 1676/1676/79 1677/1677/79 1686/1686/79 1685/1685/79
f 1677/1677/79 1678/1678/79 1687/1687/79 1686/1686/79
f 1678/1678/79 1679/1679/79 1688/1688/79 1687/1687/79
f 1679/1679/79 1680/1680/79 1689/1689/79 1688/1688/79
f 1680/1680/79 1681/1681/79 1690/1690/79 1689/1689/79
f 1682/1683/79 1683/1682/79 1692/1691/79 1691/1692/79
f 1683/1682/79 1684/1684/79 1693/1693/79 1692/1691/79
f 1684/1684/79 1685/1685/79 1694/1694/79 1693/1693/79
f 1685/1685/79 1686/1686/79 1695/1695/79 1694/1694/79
f 1686/1686/79 1687/1687/79 1696/1696/79 1695/1695/79
f 1687/1687/79 1688/1688/79 1697/1697/79 1696/1696/79
f 1688/1688/79 1689/1689/79 1698/1698/79 1697/1697/79
f 1689/1689/79 1690/1690/79 1699/1699/79 1698/1698/79
f 1691/1692/79 1692/1691/79 1701/1700/79 1700/1701/79
f 1692/1691/79 1693/1693/79 1702/1702/79 1701/1700/79
f 1693/1693/79 1694/1694/79 1703/1703/79 1702/1702/79
f 1694/1694/79 1695/1695/79 1704/1704/79 1703/1703/79
f 1695/1695/79 1696/1696/79 1705/1705/79 1704/1704/79
f 1696/1696/79 1697/1697/79 1706/1706/79 1705/1705/79
f 1697/1697/79 1698/1698/79 1707/1707/79 1706/1706/79
f 1698/1698/79 1699/1699/79 1708/1708/79 1707/1707/79
f 1700/1701/79 1701/1700/79 1710/1709/79 1709/1710/79
f 1701/1700/79 1702/1702/79 1711/1711/79 1710/1709/79
f 1702/1702/79 1703/1703/79 1712/1712/79 1711/1711/79
f 1703/1703/79 1704/1704/79 1713/1713/79 1712/1712/79
f 1704/1704/79 1705/1705/79 1714/1714/79 1713/1713/79
f 1705/1705/79 1706/1706/79 1715/1715/79 1714/1714/79
f 1706/1706/79 1707/1707/79 1716/1716/79 1715/1715/79
f 1707/1707/79 1708/1708/79 1717/1717/79 1716/1716/79
f 1709/1710/79 1710/1709/79 1719/1718/79 1718/1719/79
f 1710/1709/79 1711/1711/79 1720/1720/79 1719/1718/79
f 1711/1711/79 1712/1712/79 1721/1721/79 1720/1720/79
f 1712/1712/79 1713/1713/79 1722/1722/79 1721/1721/79
f 1713/1713/79 1714/1714/79 1723/1723/79 1722/1722/79
f 1714/1714/79 1715/1715/79 1724/1724/79 1723/1723/79
f 1715/1715/79 1716/1716/79 1725/1725/79 1724/1724/79
f 1716/1716/79 1717/1717/79 1726/1726/79 1725/1725/79
o skirt_front
v -0.716667 3.733333 -0.425000
v -0.531771 3.733333 -0.425000
v -0.346875 3.733333 -0.425000
v -0.161979 3.733333 -0.425000
v 0.022917 3.733333 -0.425000
v 0.207813 3.733333 -0.425000
v 0.392708 3.733333 -0.425000
v 0.577604 3.733333 -0.425000
v 0.762500 3.733333 -0.425000
v -0.716667 3.671759 -0.428056
v -0.531771 3.671759 -0.428056
v -0.346875 3.671759 -0.428056
v -0.161979 3.671759 -0.428056
v 0.022917 3.671759 -0.428056
v 0.207813 3.671759 -0.428056
v 0.392708 3.671759 -0.428056
v 0.577604 3.671759 -0.428056
v 0.762500 3.671759 -0.428056
v -0.716667 3.610185 -0.431111
v -0.531771 3.610185 -0.431111
v -0.346875 3.610185 -0.431111
v -0.161979 3.610185 -0.431111
v 0.022917 3.610185 -0.431111
v 0.207813 3.610185 -0.431111
v 0.392708 3.610185 -0.431111
v 0.577604 3.610185 -0.431111
v 0.762500 3.610185 -0.431111
v -0.716667 3.548611 -0.434167
v -0.531771 3.548611 -0.434167
v -0.346875 3.548611 -0.434167
v -0.161979 3.548611 -0.434167
v 0.022917 3.548611 -0.434167
v 0.207813 3.548611 -0.434167
v 0.392708 3.548611 -0.434167
v 0.577604 3.548611 -0.434167
v 0.762500 3.548611 -0.434167
v -0.716667 3.487037 -0.437222
v -0.531771 3.487037 -0.437222
v -0.346875 3.487037 -0.437222
v -0.161979 3.487037 -0.437222
v 0.022917 3.487037 -0.437222
v 0.207813 3.487037 -0.437222
v 0.392708 3.487037 -0.437222
v 0.577604 3.487037 -0.437222
v 0.762500 3.487037 -0.437222
v -0.716667 3.425463 -0.440278
v -0.531771 3.425463 -0.440278
v -0.346875 3.425463 -0.440278
v -0.161979 3.425463 -0.440278
v 0.022917 3.425463 -0.440278
v 0.207813 3.425463 -0.440278
v 0.392708 3.425463 -0.440278
v 0.577604 3.425463 -0.440278
v 0.762500 3.425463 -0.440278
v -0.716667 3.363889 -0.443333
v -0.531771 3.363889 -0.443333
v -0.346875 3.363889 -0.443333
v -0.161979 3.363889 -0.443333
v 0.022917 3.363889 -0.443333
v 0.207813 3.363889 -0.443333
v 0.392708 3.363889 -0.443333
v 0.577604 3.363889 -0.443333
v 0.762500 3.363889 -0.443333
v -0.716667 3.302315 -0.446389
v -0.531771 3.302315 -0.446389
v -0.346875 3.302315 -0.446389
v -0.161979 3.302315 -0.446389
v 0.022917 3.302315 -0.446389
v 0.207813 3.302315 -0.446389
v 0.392708 3.302315 -0.446389
v 0.577604 3.302315 -0.446389
v 0.762500 3.302315 -0.446389
v -0.716667 3.240741 -0.449444
v -0.531771 3.240741 -0.449444
v -0.346875 3.240741 -0.449444
v -0.161979 3.240741 -0.449444
v 0.022917 3.240741 -0.449444
v 0.207813 3.240741 -0.449444
v 0.392708 3.240741 -0.449444
v 0.577604 3.240741 -0.449444
v 0.762500 3.240741 -0.449444
v -0.716667 3.179167 -0.452500
v -0.531771 3.179167 -0.452500
v -0.346875 3.179167 -0.452500
v -0.161979 3.179167 -0.452500
v 0.022917 3.179167 -0.452500
v 0.207813 3.179167 -0.452500
v 0.392708 3.179167 -0.452500
v 0.577604 3.179167 -0.452500
v 0.762500 3.179167 -0.452500
v -0.716667 3.117593 -0.455556
v -0.531771 3.117593 -0.455556
v -0.346875 3.117593 -0.455556
v -0.161979 3.117593 -0.455556
v 0.022917 3.117593 -0.455556
v 0.207813 3.117593 -0.455556
v 0.392708 3.117593 -0.455556
v 0.577604 3.117593 -0.455556
v 0.762500 3.117593 -0.455556
v -0.716667 3.056019 -0.458611
v -0.531771 3.056019 -0.458611
v -0.346875 3.056019 -0.458611
v -0.161979 3.056019 -0.458611
v 0.022917 3.056019 -0.458611
v 0.207813 3.056019 -0.458611
v 0.392708 3.056019 -0.458611
v 0.577604 3.056019 -0.458611
v 0.762500 3.056019 -0.458611
v -0.716667 2.994444 -0.461667
v -0.531771 2.994444 -0.461667
v -0.346875 2.994444 -0.461667
v -0.161979 2.994444 -0.461667
v 0.022917 2.994444 -0.461667
v 0.207813 2.994444 -0.461667
v 0.392708 2.994444 -0.461667
v 0.577604 2.994444 -0.461667
v 0.762500 2.994444 -0.461667
v -0.716667 2.932870 -0.464722
v -0.531771 2.932870 -0.464722
v -0.346875 2.932870 -0.464722
v -0.161979 2.932870 -0.464722
v 0.022917 2.932870 -0.464722
v 0.207813 2.932870 -0.464722
v 0.392708 2.932870 -0.464722
v 0.577604 2.932870 -0.464722
v 0.762500 2.932870 -0.464722
v -0.716667 2.871296 -0.467778
v -0.531771 2.871296 -0.467778
v -0.346875 2.871296 -0.467778
v -0.161979 2.871296 -0.467778
v 0.022917 2.871296 -0.467778
v 0.207813 2.871296 -0.467778
v 0.392708 2.871296 -0.467778
v 0.577604 2.871296 -0.467778
v 0.762500 2.871296 -0.467778
v -0.716667 2.809722 -0.470833
v -0.531771 2.809722 -0.470833
v -0.346875 2.809722 -0.470833
v -0.161979 2.809722 -0.470833
v 0.022917 2.809722 -0.470833
v 0.207813 2.809722 -0.470833
v 0.392708 2.809722 -0.470833
v 0.577604 2.809722 -0.470833
v 0.762500 2.809722 -0.470833
v -0.716667 2.748148 -0.473889
v -0.531771 2.748148 -0.473889
v -0.346875 2.748148 -0.473889
v -0.161979 2.748148 -0.473889
v 0.022917 2.748148 -0.473889
v 0.207813 2.748148 -0.473889
v 0.392708 2.748148 -0.473889
v 0.577604 2.748148 -0.473889
v 0.762500 2.748148 -0.473889
v -0.716667 2.686574 -0.476944
v -0.531771 2.686574 -0.476944
v -0.346875 2.686574 -0.476944
v -0.161979 2.686574 -0.476944
v 0.022917 2.686574 -0.476944
v 0.207813 2.686574 -0.476944
v 0.392708 2.686574 -0.476944
v 0.577604 2.686574 -0.476944
v 0.762500 2.686574 -0.476944
v -0.716667 2.625000 -0.480000
v -0.531771 2.625000 -0.480000
v -0.346875 2.625000 -0.480000
v -0.161979 2.625000 -0.480000
v 0.022917 2.625000 -0.480000
v 0.207813 2.625000 -0.480000
v 0.392708 2.625000 -0.480000
v 0.577604 2.625000 -0.480000
v 0.762500 2.625000 -0.480000
vn -0.0000 0.0496 -0.9988
vt 0.332031 0.583333
vt 0.375366 0.583333
vt 0.375366 0.573712
vt 0.332031 0.573712
vt 0.418701 0.583333
vt 0.418701 0.573712
vt 0.462036 0.583333
vt 0.462036 0.573712
vt 0.505371 0.583333
vt 0.505371 0.573712
vt 0.548706 0.583333
vt 0.548706 0.573712
vt 0.592041 0.583333
vt 0.592041 0.573712
vt 0.635376 0.583333
vt 0.635376 0.573712
vt 0.678711 0.583333
vt 0.678711 0.573712
vt 0.375366 0.564091
vt 0.332031 0.564091
vt 0.418701 0.564091
vt 0.462036 0.564091
vt 0.505371 0.564091
vt 0.548706 0.564091
vt 0.592041 0.564091
vt 0.635376 0.564091
vt 0.678711 0.564091
vt 0.375366 0.554470
vt 0.332031 0.554470
vt 0.418701 0.554470
vt 0.462036 0.554470
vt 0.505371 0.554470
vt 0.548706 0.554470
vt 0.592041 0.554470
vt 0.635376 0.554470
vt 0.678711 0.554470
vt 0.375366 0.544850
vt 0.332031 0.544850
vt 0.418701 0.544850
vt 0.462036 0.544850
vt 0.505371 0.544850
vt 0.548706 0.544850
vt 0.592041 0.544850
vt 0.635376 0.544850
vt 0.678711 0.544850
vt 0.375366 0.535229
vt 0.332031 0.535229
vt 0.418701 0.535229
vt 0.462036 0.535229
vt 0.505371 0.535229
vt 0.548706 0.535229
vt 0.592041 0.535229
vt 0.635376 0.535229
vt 0.678711 0.535229
vt 0.375366 0.525608
vt 0.332031 0.525608
vt 0.418701 0.525608
vt 0.462036 0.525608
vt 0.505371 0.525608
vt 0.548706 0.525608
vt 0.592041 0.525608
vt 0.635376 0.525608
vt 0.678711 0.525608
vt 0.375366 0.515987
vt 0.332031 0.515987
vt 0.418701 0.515987
vt 0.462036 0.515987
vt 0.505371 0.515987
vt 0.548706 0.515987
vt 0.592041 0.515987
vt 0.635376 0.515987
vt 0.678711 0.515987
vt 0.375366 0.506366
vt 0.332031 0.506366
vt 0.418701 0.506366
vt 0.462036 0.506366
vt 0.505371 0.506366
vt 0.548706 0.506366
vt 0.592041 0.506366
vt 0.635376 0.506366
vt 0.678711 0.506366
vt 0.375366 0.496745
vt 0.332031 0.496745
vt 0.418701 0.496745
vt 0.462036 0.496745
vt 0.505371 0.496745
vt 0.548706 0.496745
vt 0.592041 0.496745
vt 0.635376 0.496745
vt 0.678711 0.496745
vt 0.375366 0.487124
vt 0.332031 0.487124
vt 0.418701 0.487124
vt 0.462036 0.487124
vt 0.505371 0.487124
vt 0.548706 0.487124
vt 0.592041 0.487124
vt 0.635376 0.487124
vt 0.678711 0.487124
vt 0.375366 0.477503
vt 0.332031 0.477503
vt 0.418701 0.477503
vt 0.462036 0.477503
vt 0.505371 0.477503
vt 0.548706 0.477503
vt 0.592041 0.477503
vt 0.635376 0.477503
vt 0.678711 0.477503
vt 0.375366 0.467882
vt 0.332031 0.467882
vt 0.418701 0.467882
vt 0.462036 0.467882
vt 0.505371 0.467882
vt 0.548706 0.467882
vt 0.592041 0.467882
vt 0.635376 0.467882
vt 0.678711 0.467882
vt 0.375366 0.458261
vt 0.332031 0.458261
vt 0.418701 0.458261
vt 0.462036 0.458261
vt 0.505371 0.458261
vt 0.548706 0.458261
vt 0.592041 0.458261
vt 0.635376 0.458261
vt 0.678711 0.458261
vt 0.375366 0.448640
vt 0.332031 0.448640
vt 0.418701 0.448640
vt 0.462036 0.448640
vt 0.505371 0.448640
vt 0.548706 0.448640
vt 0.592041 0.448640
vt 0.635376 0.448640
vt 0.678711 0.448640
vt 0.375366 0.439019
vt 0.332031 0.439019
vt 0.418701 0.439019
vt 0.462036 0.439019
vt 0.505371 0.439019
vt 0.548706 0.439019
vt 0.592041 0.439019
vt 0.635376 0.439019
vt 0.678711 0.439019
vt 0.375366 0.429398
vt 0.332031 0.429398
vt 0.418701 0.429398
vt 0.462036 0.429398
vt 0.505371 0.429398
vt 0.548706 0.429398
vt 0.592041 0.429398
vt 0.635376 0.429398
vt 0.678711 0.429398
vt 0.375366 0.419777
vt 0.332031 0.419777
vt 0.418701 0.419777
vt 0.462036 0.419777
vt 0.505371 0.419777
vt 0.548706 0.419777
vt 0.592041 0.419777
vt 0.635376 0.419777
vt 0.678711 0.419777
vt 0.375366 0.410156
vt 0.332031 0.410156
vt 0.418701 0.410156
vt 0.462036 0.410156
vt 0.505371 0.410156
vt 0.548706 0.410156
vt 0.592041 0.410156
vt 0.635376 0.410156
vt 0.678711 0.410156
s 1
usemtl skirt_front_alpha
f 1727/1727/80 1728/1728/80 1737/1729/80 1736/1730/80
f 1728/1728/80 1729/1731/80 1738/1732/80 1737/1729/80
f 1729/1731/80 1730/1733/80 1739/1734/80 1738/1732/80
f 1730/1733/80 1731/1735/80 1740/1736/80 1739/1734/80
f 1731/1735/80 1732/1737/80 1741/1738/80 1740/1736/80
f 1732/1737/80 1733/1739/80 1742/1740/80 1741/1738/80
f 1733/1739/80 1734/1741/80 1743/1742/80 1742/1740/80
f 1734/1741/80 1735/1743/80 1744/1744/80 1743/1742/80
f 1736/1730/80 1737/1729/80 1746/1745/80 1745/1746/80
f 1737/1729/80 1738/1732/80 1747/1747/80 1746/1745/80
f 1738/1732/80 1739/1734/80 1748/1748/80 1747/1747/80
f 1739/1734/80 1740/1736/80 1749/1749/80 1748/1748/80
f 1740/1736/80 1741/1738/80 1750/1750/80 1749/1749/80
f 1741/1738/80 1742/1740/80 1751/1751/80 1750/1750/80
f 1742/1740/80 1743/1742/80 1752/1752/80 1751/1751/80
f 1743/1742/80 1744/1744/80 1753/1753/80 1752/1752/80
f 1745/1746/80 1746/1745/80 1755/1754/80 1754/1755/80
f 1746/1745/80 1747/1747/80 1756/1756/80 1755/1754/80
f 1747/1747/80 1748/1748/80 1757/1757/80 1756/1756/80
f 1748/1748/80 1749/1749/80 1758/1758/80 1757/1757/80
f 1749/1749/80 1750/1750/80 1759/1759/80 1758/1758/80
f 1750/1750/80 1751/1751/80 1760/1760/80 1759/1759/80
f 1751/1751/80 1752/1752/80 1761/1761/80 1760/1760/80
f 1752/1752/80 1753/1753/80 1762/1762/80 1761/1761/80
f 1754/1755/80 1755/1754/80 1764/1763/80 1763/1764/80
f 1755/1754/80 1756/1756/80 1765/1765/80 1764/1763/80
f 1756/1756/80 1757/1757/80 1766/1766/80 1765/1765/80
f 1757/1757/80 1758/1758/80 1767/1767/80 1766/1766/80
f 1758/1758/80 1759/1759/80 1768/1768/80 1767/1767/80
f 1759/1759/80 1760/1760/80 1769/1769/80 1768/1768/80
f 1760/1760/80 1761/1761/80 1770/1770/80 1769/1769/80
f 1761/1761/80 1762/1762/80 1771/1771/80 1770/1770/80
f 1763/1764/80 1764/1763/80 1773/1772/80 1772/1773/80
f 1764/1763/80 1765/1765/80 1774/1774/80 1773/1772/80
f 1765/1765/80 1766/1766/80 1775/1775/80 1774/1774/80
f 1766/1766/80 1767/1767/80 1776/1776/80 1775/1775/80
f 1767/1767/80 1768/1768/80 1777/1777/80 1776/1776/80
f 1768/1768/80 1769/1769/80 1778/1778/80 1777/1777/80
f 1769/1769/80 1770/1770/80 1779/1779/80 1778/1778/80
f 1770/1770/80 1771/1771/80 1780/1780/80 1779/1779/80
f 1772/1773/80 1773/1772/80 1782/1781/80 1781/1782/80
f 1773/1772/80 1774/1774/80 1783/1783/80 1782/1781/80
f 1774/1774/80 1775/1775/80 1784/1784/80 1783/1783/80
f 1775/1775/80 1776/1776/80 1785/1785/80 1784/1784/80
f 1776/1776/80 1777/1777/80 1786/1786/80 1785/1785/80
f 1777/1777/80 1778/1778/80 1787/1787/80 1786/1786/80
f 1778/1778/80 1779/1779/80 1788/1788/80 1787/1787/80
f 1779/1779/80 1780/1780/80 1789/1789/80 1788/1788/80
f 1781/1782/80 1782/1781/80 1791/1790/80 1790/1791/80
f 1782/1781/80 1783/1783/80 1792/1792/80 1791/1790/80
f 1783/1783/80 1784/1784/80 1793/1793/80 1792/1792/80
f 1784/1784/80 1785/1785/80 1794/1794/80 1793/1793/80
f 1785/1785/80 1786/1786/80 1795/1795/80 1794/1794/80
f 1786/1786/80 1787/1787/80 1796/1796/80 1795/1795/80
f 1787/1787/80 1788/1788/80 1797/1797/80 1796/1796/80
f 1788/1788/80 1789/1789/80 1798/1798/80 1797/1797/80
f 1790/1791/80 1791/1790/80 1800/1799/80 1799/1800/80
f 1791/1790/80 1792/1792/80 1801/1801/80 1800/1799/80
f 1792/1792/80 1793/1793/80 1802/1802/80 1801/1801/80
f 1793/1793/80 1794/1794/80 1803/1803/80 1802/1802/80
f 1794/1794/80 1795/1795/80 1804/1804/80 1803/1803/80
f 1795/1795/80 1796/1796/80 1805/1805/80 1804/1804/80
f 1796/1796/80 1797/1797/80 1806/1806/80 1805/1805/80
f 1797/1797/80 1798/1798/80 1807/1807/80 1806/1806/80
f 1799/1800/80 1800/1799/80 1809/1808/80 1808/1809/80
f 1800/1799/80 1801/1801/80 1810/1810/80 1809/1808/80
f 1801/1801/80 1802/1802/80 1811/1811/80 1810/1810/80
f 1802/1802/80 1803/1803/80 1812/1812/80 1811/1811/80
f 1803/1803/80 1804/1804/80 1813/1813/80 1812/1812/80
f 1804/1804/80 1805/1805/80 1814/1814/80 1813/1813/80
f 1805/1805/80 1806/1806/80 1815/1815/80 1814/1814/80
f 1806/1806/80 1807/1807/80 1816/1816/80 1815/1815/80
f 1808/1809/80 1809/1808/80 1818/1817/80 1817/1818/80
f 1809/1808/80 1810/1810/80 1819/1819/80 1818/1817/80
f 1810/1810/80 1811/1811/80 1820/1820/80 1819/1819/80
f 1811/1811/80 1812/1812/80 1821/1821/80 1820/1820/80
f 1812/1812/80 1813/1813/80 1822/1822/80 1821/1821/80
f 1813/1813/80 1814/1814/80 1823/1823/80 1822/1822/80
f 1814/1814/80 1815/1815/80 1824/1824/80 1823/1823/80
f 1815/1815/80 1816/1816/80 1825/1825/80 1824/1824/80
f 1817/1818/80 1818/1817/80 1827/1826/80 1826/1827/80
f 1818/1817/80 1819/1819/80 1828/1828/80 1827/1826/80
f 1819/1819/80 1820/1820/80 1829/1829/80 1828/1828/80
f 1820/1820/80 1821/1821/80 1830/1830/80 1829/1829/80
f 1821/1821/80 1822/1822/80 1831/1831/80 1830/1830/80
f 1822/1822/80 1823/1823/80 1832/1832/80 1831/1831/80
f 1823/1823/80 1824/1824/80 1833/1833/80 1832/1832/80
f 1824/1824/80 1825/1825/80 1834/1834/80 1833/1833/80
f 1826/1827/80 1827/1826/80 1836/1835/80 1835/1836/80
f 1827/1826/80 1828/1828/80 1837/1837/80 1836/1835/80
f 1828/1828/80 1829/1829/80 1838/1838/80 1837/1837/80
f 1829/1829/80 1830/1830/80 1839/1839/80 1838/1838/80
f 1830/1830/80 1831/1831/80 1840/1840/80 1839/1839/80
f 1831/1831/80 1832/1832/80 1841/1841/80 1840/1840/80
f 1832/1832/80 1833/1833/80 1842/1842/80 1841/1841/80
f 1833/1833/80 1834/1834/80 1843/1843/80 1842/1842/80
f 1835/1836/80 1836/1835/80 1845/1844/80 1844/1845/80
f 1836/1835/80 1837/1837/80 1846/1846/80 1845/1844/80
f 1837/1837/80 1838/1838/80 1847/1847/80 1846/1846/80
f 1838/1838/80 1839/1839/80 1848/1848/80 1847/1847/80
f 1839/1839/80 1840/1840/80 1849/1849/80 1848/1848/80
f 1840/1840/80 1841/1841/80 1850/1850/80 1849/1849/80
f 1841/1841/80 1842/1842/80 1851/1851/80 1850/1850/80
f 1842/1842/80 1843/1843/80 1852/1852/80 1851/1851/80
f 1844/1845/80 1845/1844/80 1854/1853/80 1853/1854/80
f 1845/1844/80 1846/1846/80 1855/1855/80 1854/1853/80
f 1846/1846/80 1847/1847/80 1856/1856/80 1855/1855/80
f 1847/1847/80 1848/1848/80 1857/1857/80 1856/1856/80
f 1848/1848/80 1849/1849/80 1858/1858/80 1857/1857/80
f 1849/1849/80 1850/1850/80 1859/1859/80 1858/1858/80
f 1850/1850/80 1851/1851/80 1860/1860/80 1859/1859/80
f 1851/1851/80 1852/1852/80 1861/1861/80 1860/1860/80
f 1853/1854/80 1854/1853/80 1863/1862/80 1862/1863/80
f 1854/1853/80 1855/1855/80 1864/1864/80 1863/1862/80
f 1855/1855/80 1856/1856/80 1865/1865/80 1864/1864/80
f 1856/1856/80 1857/1857/80 1866/1866/80 1865/1865/80
f 1857/1857/80 1858/1858/80 1867/1867/80 1866/1866/80
f 1858/1858/80 1859/1859/80 1868/1868/80 1867/1867/80
f 1859/1859/80 1860/1860/80 1869/1869/80 1868/1868/80
f 1860/1860/80 1861/1861/80 1870/1870/80 1869/1869/80
f 1862/1863/80 1863/1862/80 1872/1871/80 1871/1872/80
f 1863/1862/80 1864/1864/80 1873/1873/80 1872/1871/80
f 1864/1864/80 1865/1865/80 1874/1874/80 1873/1873/80
f 1865/1865/80 1866/1866/80 1875/1875/80 1874/1874/80
f 1866/1866/80 1867/1867/80 1876/1876/80 1875/1875/80
f 1867/1867/80 1868/1868/80 1877/1877/80 1876/1876/80
f 1868/1868/80 1869/1869/80 1878/1878/80 1877/1877/80
f 1869/1869/80 1870/1870/80 1879/1879/80 1878/1878/80
f 1871/1872/80 1872/1871/80 1881/1880/80 1880/1881/80
f 1872/1871/80 1873/1873/80 1882/1882/80 1881/1880/80
f 1873/1873/80 1874/1874/80 1883/1883/80 1882/1882/80
f 1874/1874/80 1875/1875/80 1884/1884/80 1883/1883/80
f 1875/1875/80 1876/1876/80 1885/1885/80 1884/1884/80
f 1876/1876/80 1877/1877/80 1886/1886/80 1885/1885/80
f 1877/1877/80 1878/1878/80 1887/1887/80 1886/1886/80
f 1878/1878/80 1879/1879/80 1888/1888/80 1887/1887/80
f 1880/1881/80 1881/1880/80 1890/1889/80 1889/1890/80
f 1881/1880/80 1882/1882/80 1891/1891/80 1890/1889/80
f 1882/1882/80 1883/1883/80 1892/1892/80 1891/1891/80
f 1883/1883/80 1884/1884/80 1893/1893/80 1892/1892/80
f 1884/1884/80 1885/1885/80 1894/1894/80 1893/1893/80
f 1885/1885/80 1886/1886/80 1895/1895/80 1894/1894/80
f 1886/1886/80 1887/1887/80 1896/1896/80 1895/1895/80
f 1887/1887/80 1888/1888/80 1897/1897/80 1896/1896/80
o boots
v -0.766667 1.420833 -0.385000
v -0.596667 1.420833 -0.394000
v -0.426667 1.420833 -0.403000
v -0.256667 1.420833 -0.412000
v -0.086667 1.420833 -0.421000
v 0.083333 1.420833 -0.430000
v 0.253333 1.420833 -0.421000
v 0.423333 1.420833 -0.412000
v 0.593333 1.420833 -0.403000
v 0.763333 1.420833 -0.394000
v 0.933333 1.420833 -0.385000
v -0.766667 1.329167 -0.385000
v -0.596667 1.329167 -0.394000
v -0.426667 1.329167 -0.403000
v -0.256667 1.329167 -0.412000
v -0.086667 1.329167 -0.421000
v 0.083333 1.329167 -0.430000
v 0.253333 1.329167 -0.421000
v 0.423333 1.329167 -0.412000
v 0.593333 1.329167 -0.403000
v 0.763333 1.329167 -0.394000
v 0.933333 1.329167 -0.385000
v -0.766667 1.237500 -0.385000
v -0.596667 1.237500 -0.394000
v -0.426667 1.237500 -0.403000
v -0.256667 1.237500 -0.412000
v -0.086667 1.237500 -0.421000
v 0.083333 1.237500 -0.430000
v 0.253333 1.237500 -0.421000
v 0.423333 1.237500 -0.412000
v 0.593333 1.237500 -0.403000
v 0.763333 1.237500 -0.394000
v 0.933333 1.237500 -0.385000
v -0.766667 1.145833 -0.385000
v -0.596667 1.145833 -0.394000
v -0.426667 1.145833 -0.403000
v -0.256667 1.145833 -0.412000
v -0.086667 1.145833 -0.421000
v 0.083333 1.145833 -0.430000
v 0.253333 1.145833 -0.421000
v 0.423333 1.145833 -0.412000
v 0.593333 1.145833 -0.403000
v 0.763333 1.145833 -0.394000
v 0.933333 1.145833 -0.385000
v -0.766667 1.054167 -0.385000
v -0.596667 1.054167 -0.394000
v -0.426667 1.054167 -0.403000
v -0.256667 1.054167 -0.412000
v -0.086667 1.054167 -0.421000
v 0.083333 1.054167 -0.430000
v 0.253333 1.054167 -0.421000
v 0.423333 1.054167 -0.412000
v 0.593333 1.054167 -0.403000
v 0.763333 1.054167 -0.394000
v 0.933333 1.054167 -0.385000
v -0.766667 0.962500 -0.385000
v -0.596667 0.962500 -0.394000
v -0.426667 0.962500 -0.403000
v -0.256667 0.962500 -0.412000
v -0.086667 0.962500 -0.421000
v 0.083333 0.962500 -0.430000
v 0.253333 0.962500 -0.421000
v 0.423333 0.962500 -0.412000
v 0.593333 0.962500 -0.403000
v 0.763333 0.962500 -0.394000
v 0.933333 0.962500 -0.385000
v -0.766667 0.870833 -0.385000
v -0.596667 0.870833 -0.394000
v -0.426667 0.870833 -0.403000
v -0.256667 0.870833 -0.412000
v -0.086667 0.870833 -0.421000
v 0.083333 0.870833 -0.430000
v 0.253333 0.870833 -0.421000
v 0.423333 0.870833 -0.412000
v 0.593333 0.870833 -0.403000
v 0.763333 0.870833 -0.394000
v 0.933333 0.870833 -0.385000
v -0.766667 0.779167 -0.385000
v -0.596667 0.779167 -0.394000
v -0.426667 0.779167 -0.403000
v -0.256667 0.779167 -0.412000
v -0.086667 0.779167 -0.421000
v 0.083333 0.779167 -0.430000
v 0.253333 0.779167 -0.421000
v 0.423333 0.779167 -0.412000
v 0.593333 0.779167 -0.403000
v 0.763333 0.779167 -0.394000
v 0.933333 0.779167 -0.385000
v -0.766667 0.687500 -0.385000
v -0.596667 0.687500 -0.394000
v -0.426667 0.687500 -0.403000
v -0.256667 0.687500 -0.412000
v -0.086667 0.687500 -0.421000
v 0.083333 0.687500 -0.430000
v 0.253333 0.687500 -0.421000
v 0.423333 0.687500 -0.412000
v 0.593333 0.687500 -0.403000
v 0.763333 0.687500 -0.394000
v 0.933333 0.687500 -0.385000
v -0.766667 0.595833 -0.385000
v -0.596667 0.595833 -0.394000
v -0.426667 0.595833 -0.403000
v -0.256667 0.595833 -0.412000
v -0.086667 0.595833 -0.421000
v 0.083333 0.595833 -0.430000
v 0.253333 0.595833 -0.421000
v 0.423333 0.595833 -0.412000
v 0.593333 0.595833 -0.403000
v 0.763333 0.595833 -0.394000
v 0.933333 0.595833 -0.385000
v -0.766667 0.504167 -0.385000
v -0.596667 0.504167 -0.394000
v -0.426667 0.504167 -0.403000
v -0.256667 0.504167 -0.412000
v -0.086667 0.504167 -0.421000
v 0.083333 0.504167 -0.430000
v 0.253333 0.504167 -0.421000
v 0.423333 0.504167 -0.412000
v 0.593333 0.504167 -0.403000
v 0.763333 0.504167 -0.394000
v 0.933333 0.504167 -0.385000
v -0.766667 0.412500 -0.385000
v -0.596667 0.412500 -0.394000
v -0.426667 0.412500 -0.403000
v -0.256667 0.412500 -0.412000
v -0.086667 0.412500 -0.421000
v 0.083333 0.412500 -0.430000
v 0.253333 0.412500 -0.421000
v 0.423333 0.412500 -0.412000
v 0.593333 0.412500 -0.403000
v 0.763333 0.412500 -0.394000
v 0.933333 0.412500 -0.385000
v -0.766667 0.320833 -0.385000
v -0.596667 0.320833 -0.394000
v -0.426667 0.320833 -0.403000
v -0.256667 0.320833 -0.412000
v -0.086667 0.320833 -0.421000
v 0.083333 0.320833 -0.430000
v 0.253333 0.320833 -0.421000
v 0.423333 0.320833 -0.412000
v 0.593333 0.320833 -0.403000
v 0.763333 0.320833 -0.394000
v 0.933333 0.320833 -0.385000
v -0.766667 0.229167 -0.385000
v -0.596667 0.229167 -0.394000
v -0.426667 0.229167 -0.403000
v -0.256667 0.229167 -0.412000
v -0.086667 0.229167 -0.421000
v 0.083333 0.229167 -0.430000
v 0.253333 0.229167 -0.421000
v 0.423333 0.229167 -0.412000
v 0.593333 0.229167 -0.403000
v 0.763333 0.229167 -0.394000
v 0.933333 0.229167 -0.385000
v -0.766667 0.137500 -0.385000
v -0.596667 0.137500 -0.394000
v -0.426667 0.137500 -0.403000
v -0.256667 0.137500 -0.412000
v -0.086667 0.137500 -0.421000
v 0.083333 0.137500 -0.430000
v 0.253333 0.137500 -0.421000
v 0.423333 0.137500 -0.412000
v 0.593333 0.137500 -0.403000
v 0.763333 0.137500 -0.394000
v 0.933333 0.137500 -0.385000
vn -0.0529 -0.0000 -0.9986
vn -0.0000 -0.0000 -1.0000
vn 0.0529 -0.0000 -0.9986
vt 0.320312 0.222005
vt 0.360156 0.222005
vt 0.360156 0.207682
vt 0.320312 0.207682
vt 0.400000 0.222005
vt 0.400000 0.207682
vt 0.439844 0.222005
vt 0.439844 0.207682
vt 0.479688 0.222005
vt 0.479688 0.207682
vt 0.519531 0.222005
vt 0.519531 0.207682
vt 0.559375 0.222005
vt 0.559375 0.207682
vt 0.599219 0.222005
vt 0.599219 0.207682
vt 0.639063 0.222005
vt 0.639063 0.207682
vt 0.678906 0.222005
vt 0.678906 0.207682
vt 0.718750 0.222005
vt 0.718750 0.207682
vt 0.360156 0.193359
vt 0.320312 0.193359
vt 0.400000 0.193359
vt 0.439844 0.193359
vt 0.479688 0.193359
vt 0.519531 0.193359
vt 0.559375 0.193359
vt 0.599219 0.193359
vt 0.639063 0.193359
vt 0.678906 0.193359
vt 0.718750 0.193359
vt 0.360156 0.179036
vt 0.320312 0.179036
vt 0.400000 0.179036
vt 0.439844 0.179036
vt 0.479688 0.179036
vt 0.519531 0.179036
vt 0.559375 0.179036
vt 0.599219 0.179036
vt 0.639063 0.179036
vt 0.678906 0.179036
vt 0.718750 0.179036
vt 0.360156 0.164714
vt 0.320312 0.164714
vt 0.400000 0.164714
vt 0.439844 0.164714
vt 0.479688 0.164714
vt 0.519531 0.164714
vt 0.559375 0.164714
vt 0.599219 0.164714
vt 0.639063 0.164714
vt 0.678906 0.164714
vt 0.718750 0.164714
vt 0.360156 0.150391
vt 0.320312 0.150391
vt 0.400000 0.150391
vt 0.439844 0.150391
vt 0.479688 0.150391
vt 0.519531 0.150391
vt 0.559375 0.150391
vt 0.599219 0.150391
vt 0.639063 0.150391
vt 0.678906 0.150391
vt 0.718750 0.150391
vt 0.360156 0.136068
vt 0.320312 0.136068
vt 0.400000 0.136068
vt 0.439844 0.136068
vt 0.479688 0.136068
vt 0.519531 0.136068
vt 0.559375 0.136068
vt 0.599219 0.136068
vt 0.639063 0.136068
vt 0.678906 0.136068
vt 0.718750 0.136068
vt 0.360156 0.121745
vt 0.320312 0.121745
vt 0.400000 0.121745
vt 0.439844 0.121745
vt 0.479688 0.121745
vt 0.519531 0.121745
vt 0.559375 0.121745
vt 0.599219 0.121745
vt 0.639063 0.121745
vt 0.678906 0.121745
vt 0.718750 0.121745
vt 0.360156 0.107422
vt 0.320312 0.107422
vt 0.400000 0.107422
vt 0.439844 0.107422
vt 0.479688 0.107422
vt 0.519531 0.107422
vt 0.559375 0.107422
vt 0.599219 0.107422
vt 0.639063 0.107422
vt 0.678906 0.107422
vt 0.718750 0.107422
vt 0.360156 0.093099
vt 0.320312 0.093099
vt 0.400000 0.093099
vt 0.439844 0.093099
vt 0.479688 0.093099
vt 0.519531 0.093099
vt 0.559375 0.093099
vt 0.599219 0.093099
vt 0.639063 0.093099
vt 0.678906 0.093099
vt 0.718750 0.093099
vt 0.360156 0.078776
vt 0.320312 0.078776
vt 0.400000 0.078776
vt 0.439844 0.078776
vt 0.479688 0.078776
vt 0.519531 0.078776
vt 0.559375 0.078776
vt 0.599219 0.078776
vt 0.639063 0.078776
vt 0.678906 0.078776
vt 0.718750 0.078776
vt 0.360156 0.064453
vt 0.320312 0.064453
vt 0.400000 0.064453
vt 0.439844 0.064453
vt 0.479688 0.064453
vt 0.519531 0.064453
vt 0.559375 0.064453
vt 0.599219 0.064453
vt 0.639063 0.064453
vt 0.678906 0.064453
vt 0.718750 0.064453
vt 0.360156 0.050130
vt 0.320312 0.050130
vt 0.400000 0.050130
vt 0.439844 0.050130
vt 0.479688 0.050130
vt 0.519531 0.050130
vt 0.559375 0.050130
vt 0.599219 0.050130
vt 0.639063 0.050130
vt 0.678906 0.050130
vt 0.718750 0.050130
vt 0.360156 0.035807
vt 0.320312 0.035807
vt 0.400000 0.035807
vt 0.439844 0.035807
vt 0.479688 0.035807
vt 0.519531 0.035807
vt 0.559375 0.035807
vt 0.599219 0.035807
vt 0.639063 0.035807
vt 0.678906 0.035807
vt 0.718750 0.035807
vt 0.360156 0.021484
vt 0.320312 0.021484
vt 0.400000 0.021484
vt 0.439844 0.021484
vt 0.479688 0.021484
vt 0.519531 0.021484
vt 0.559375 0.021484
vt 0.599219 0.021484
vt 0.639063 0.021484
vt 0.678906 0.021484
vt 0.718750 0.021484
s 1
usemtl boots_alpha
f 1898/1898/81 1899/1899/81 1910/1900/81 1909/1901/81
f 1899/1899/81 1900/1902/81 1911/1903/81 1910/1900/81
f 1900/1902/81 1901/1904/81 1912/1905/81 1911/1903/81
f 1901/1904/81 1902/1906/81 1913/1907/81 1912/1905/81
f 1902/1906/81 1903/1908/82 1914/1909/82 1913/1907/81
f 1903/1908/82 1904/1910/83 1915/1911/83 1914/1909/82
f 1904/1910/83 1905/1912/83 1916/1913/83 1915/1911/83
f 1905/1912/83 1906/1914/83 1917/1915/83 1916/1913/83
f 1906/1914/83 1907/1916/83 1918/1917/83 1917/1915/83
f 1907/1916/83 1908/1918/83 1919/1919/83 1918/1917/83
f 1909/1901/81 1910/1900/81 1921/1920/81 1920/1921/81
f 1910/1900/81 1911/1903/81 1922/1922/81 1921/1920/81
f 1911/1903/81 1912/1905/81 1923/1923/81 1922/1922/81
f 1912/1905/81 1913/1907/81 1924/1924/81 1923/1923/81
f 1913/1907/81 1914/1909/82 1925/1925/82 1924/1924/81
f 1914/1909/82 1915/1911/83 1926/1926/83 1925/1925/82
f 1915/1911/83 1916/1913/83 1927/1927/83 1926/1926/83
f 1916/1913/83 1917/1915/83 1928/1928/83 1927/1927/83
f 1917/1915/83 1918/1917/83 1929/1929/83 1928/1928/83
f 1918/1917/83 1919/1919/83 1930/1930/83 1929/1929/83
f 1920/1921/81 1921/1920/81 1932/1931/81 1931/1932/81
f 1921/1920/81 1922/1922/81 1933/1933/81 1932/1931/81
f 1922/1922/81 1923/1923/81 1934/1934/81 1933/1933/81
f 1923/1923/81 1924/1924/81 1935/1935/81 1934/1934/81
f 1924/1924/81 1925/1925/82 1936/1936/82 1935/1935/81
f 1925/1925/82 1926/1926/83 1937/1937/83 1936/1936/82
f 1926/1926/83 1927/1927/83 1938/1938/83 1937/1937/83
f 1927/1927/83 1928/1928/83 1939/1939/83 1938/1938/83
f 1928/1928/83 1929/1929/83 1940/1940/83 1939/1939/83
f 1929/1929/83 1930/1930/83 1941/1941/83 1940/1940/83
f 1931/1932/81 1932/1931/81 1943/1942/81 1942/1943/81
f 1932/1931/81 1933/1933/81 1944/1944/81 1943/1942/81
f 1933/1933/81 1934/1934/81 1945/1945/81 1944/1944/81
f 1934/1934/81 1935/1935/81 1946/1946/81 1945/1945/81
f 1935/1935/81 1936/1936/82 1947/1947/82 1946/1946/81
f 1936/1936/82 1937/1937/83 1948/1948/83 1947/1947/82
f 1937/1937/83 1938/1938/83 1949/1949/83 1948/1948/83
f 1938/1938/83 1939/1939/83 1950/1950/83 1949/1949/83
f 1939/1939/83 1940/1940/83 1951/1951/83 1950/1950/83
f 1940/1940/83 1941/1941/83 1952/1952/83 1951/1951/83
f 1942/1943/81 1943/1942/81 1954/1953/81 1953/1954/81
f 1943/1942/81 1944/1944/81 1955/1955/81 1954/1953/81
f 1944/1944/81 1945/1945/81 1956/1956/81 1955/1955/81
f 1945/1945/81 1946/1946/81 1957/1957/81 1956/1956/81
f 1946/1946/81 1947/1947/82 1958/1958/82 1957/1957/81
f 1947/1947/82 1948/1948/83 1959/1959/83 1958/1958/82
f 1948/1948/83 1949/1949/83 1960/1960/83 1959/1959/83
f 1949/1949/83 1950/1950/83 1961/1961/83 1960/1960/83
f 1950/1950/83 1951/1951/83 1962/1962/83 1961/1961/83
f 1951/1951/83 1952/1952/83 1963/1963/83 1962/1962/83
f 1953/1954/81 1954/1953/81 1965/1964/81 1964/1965/81
f 1954/1953/81 1955/1955/81 1966/1966/81 1965/1964/81
f 1955/1955/81 1956/1956/81 1967/1967/81 1966/1966/81
f 1956/1956/81 1957/1957/81 1968/1968/81 1967/1967/81
f 1957/1957/81 1958/1958/82 1969/1969/82 1968/1968/81
f 1958/1958/82 1959/1959/83 1970/1970/83 1969/1969/82
f 1959/1959/83 1960/1960/83 1971/1971/83 1970/1970/83
f 1960/1960/83 1961/1961/83 1972/1972/83 1971/1971/83
f 1961/1961/83 1962/1962/83 1973/1973/83 1972/1972/83
f 1962/1962/83 1963/1963/83 1974/1974/83 1973/1973/83
f 1964/1965/81 1965/1964/81 1976/1975/81 1975/1976/81
f 1965/1964/81 1966/1966/81 1977/1977/81 1976/1975/81
f 1966/1966/81 1967/1967/81 1978/1978/81 1977/1977/81
f 1967/1967/81 1968/1968/81 1979/1979/81 1978/1978/81
f 1968/1968/81 1969/1969/82 1980/1980/82 1979/1979/81
f 1969/1969/82 1970/1970/83 1981/1981/83 1980/1980/82
f 1970/1970/83 1971/1971/83 1982/1982/83 1981/1981/83
f 1971/1971/83 1972/1972/83 1983/1983/83 1982/1982/83
f 1972/1972/83 1973/1973/83 1984/1984/83 1983/1983/83
f 1973/1973/83 1974/1974/83 1985/1985/83 1984/1984/83
f 1975/1976/81 1976/1975/81 1987/1986/81 1986/1987/81
f 1976/1975/81 1977/1977/81 1988/1988/81 1987/1986/81
f 1977/1977/81 1978/1978/81 1989/1989/81 1988/1988/81
f 1978/1978/81 1979/1979/81 1990/1990/81 1989/1989/81
f 1979/1979/81 1980/1980/82 1991/1991/82 1990/1990/81
f 1980/1980/82 1981/1981/83 1992/1992/83 1991/1991/82
f 1981/1981/83 1982/1982/83 1993/1993/83 1992/1992/83
f 1982/1982/83 1983/1983/83 1994/1994/83 1993/1993/83
f 1983/1983/83 1984/1984/83 1995/1995/83 1994/1994/83
f 1984/1984/83 1985/1985/83 1996/1996/83 1995/1995/83
f 1986/1987/81 1987/1986/81 1998/1997/81 1997/1998/81
f 1987/1986/81 1988/1988/81 1999/1999/81 1998/1997/81
f 1988/1988/81 1989/1989/81 2000/2000/81 1999/1999/81
f 1989/1989/81 1990/1990/81 2001/2001/81 2000/2000/81
f 1990/1990/81 1991/1991/82 2002/2002/82 2001/2001/81
f 1991/1991/82 1992/1992/83 2003/2003/83 2002/2002/82
f 1992/1992/83 1993/1993/83 2004/2004/83 2003/2003/83
f 1993/1993/83 1994/1994/83 2005/2005/83 2004/2004/83
f 1994/1994/83 1995/1995/83 2006/2006/83 2005/2005/83
f 1995/1995/83 1996/1996/83 2007/2007/83 2006/2006/83
f 1997/1998/81 1998/1997/81 2009/2008/81 2008/2009/81
f 1998/1997/81 1999/1999/81 2010/2010/81 2009/2008/81
f 1999/1999/81 2000/2000/81 2011/2011/81 2010/2010/81
f 2000/2000/81 2001/2001/81 2012/2012/81 2011/2011/81
f 2001/2001/81 2002/2002/82 2013/2013/82 2012/2012/81
f 2002/2002/82 2003/2003/83 2014/2014/83 2013/2013/82
f 2003/2003/83 2004/2004/83 2015/2015/83 2014/2014/83
f 2004/2004/83 2005/2005/83 2016/2016/83 2015/2015/83
f 2005/2005/83 2006/2006/83 2017/2017/83 2016/2016/83
f 2006/2006/83 2007/2007/83 2018/2018/83 2017/2017/83
f 2008/2009/81 2009/2008/81 2020/2019/81 2019/2020/81
f 2009/2008/81 2010/2010/81 2021/2021/81 2020/2019/81
f 2010/2010/81 2011/2011/81 2022/2022/81 2021/2021/81
f 2011/2011/81 2012/2012/81 2023/2023/81 2022/2022/81
f 2012/2012/81 2013/2013/82 2024/2024/82 2023/2023/81
f 2013/2013/82 2014/2014/83 2025/2025/83 2024/2024/82
f 2014/2014/83 2015/2015/83 2026/2026/83 2025/2025/83
f 2015/2015/83 2016/2016/83 2027/2027/83 2026/2026/83
f 2016/2016/83 2017/2017/83 2028/2028/83 2027/2027/83
f 2017/2017/83 2018/2018/83 2029/2029/83 2028/2028/83
f 2019/2020/81 2020/2019/81 2031/2030/81 2030/2031/81
f 2020/2019/81 2021/2021/81 2032/2032/81 2031/2030/81
f 2021/2021/81 2022/2022/81 2033/2033/81 2032/2032/81
f 2022/2022/81 2023/2023/81 2034/2034/81 2033/2033/81
f 2023/2023/81 2024/2024/82 2035/2035/82 2034/2034/81
f 2024/2024/82 2025/2025/83 2036/2036/83 2035/2035/82
f 2025/2025/83 2026/2026/83 2037/2037/83 2036/2036/83
f 2026/2026/83 2027/2027/83 2038/2038/83 2037/2037/83
f 2027/2027/83 2028/2028/83 2039/2039/83 2038/2038/83
f 2028/2028/83 2029/2029/83 2040/2040/83 2039/2039/83
f 2030/2031/81 2031/2030/81 2042/2041/81 2041/2042/81
f 2031/2030/81 2032/2032/81 2043/2043/81 2042/2041/81
f 2032/2032/81 2033/2033/81 2044/2044/81 2043/2043/81
f 2033/2033/81 2034/2034/81 2045/2045/81 2044/2044/81
f 2034/2034/81 2035/2035/82 2046/2046/82 2045/2045/81
f 2035/2035/82 2036/2036/83 2047/2047/83 2046/2046/82
f 2036/2036/83 2037/2037/83 2048/2048/83 2047/2047/83
f 2037/2037/83 2038/2038/83 2049/2049/83 2048/2048/83
f 2038/2038/83 2039/2039/83 2050/2050/83 2049/2049/83
f 2039/2039/83 2040/2040/83 2051/2051/83 2050/2050/83
f 2041/2042/81 2042/2041/81 2053/2052/81 2052/2053/81
f 2042/2041/81 2043/2043/81 2054/2054/81 2053/2052/81
f 2043/2043/81 2044/2044/81 2055/2055/81 2054/2054/81
f 2044/2044/81 2045/2045/81 2056/2056/81 2055/2055/81
f 2045/2045/81 2046/2046/82 2057/2057/82 2056/2056/81
f 2046/2046/82 2047/2047/83 2058/2058/83 2057/2057/82
f 2047/2047/83 2048/2048/83 2059/2059/83 2058/2058/83
f 2048/2048/83 2049/2049/83 2060/2060/83 2059/2059/83
f 2049/2049/83 2050/2050/83 2061/2061/83 2060/2060/83
f 2050/2050/83 2051/2051/83 2062/2062/83 2061/2061/83
o face
v -0.408333 6.062500 -0.620000
v -0.315417 6.062500 -0.620000
v -0.222500 6.062500 -0.620000
v -0.129583 6.062500 -0.620000
v -0.036667 6.062500 -0.620000
v 0.056250 6.062500 -0.620000
v 0.149167 6.062500 -0.620000
v 0.242083 6.062500 -0.620000
v 0.335000 6.062500 -0.620000
v 0.427917 6.062500 -0.620000
v 0.520833 6.062500 -0.620000
v -0.408333 5.978869 -0.620000
v -0.315417 5.978869 -0.620000
v -0.222500 5.978869 -0.620000
v -0.129583 5.978869 -0.620000
v -0.036667 5.978869 -0.620000
v 0.056250 5.978869 -0.620000
v 0.149167 5.978869 -0.620000
v 0.242083 5.978869 -0.620000
v 0.335000 5.978869 -0.620000
v 0.427917 5.978869 -0.620000
v 0.520833 5.978869 -0.620000
v -0.408333 5.895238 -0.620000
v -0.315417 5.895238 -0.620000
v -0.222500 5.895238 -0.620000
v -0.129583 5.895238 -0.627229
v -0.036667 5.895238 -0.632045
v 0.056250 5.895238 -0.631478
v 0.149167 5.895238 -0.625527
v 0.242083 5.895238 -0.620000
v 0.335000 5.895238 -0.620000
v 0.427917 5.895238 -0.620000
v 0.520833 5.895238 -0.620000
v -0.408333 5.811607 -0.620000
v -0.315417 5.811607 -0.620000
v -0.222500 5.811607 -0.629077
v -0.129583 5.811607 -0.639277
v -0.036667 5.811607 -0.644093
v 0.056250 5.811607 -0.643526
v 0.149167 5.811607 -0.637575
v 0.242083 5.811607 -0.626240
v 0.335000 5.811607 -0.620000
v 0.427917 5.811607 -0.620000
v 0.520833 5.811607 -0.620000
v -0.408333 5.727976 -0.620000
v -0.315417 5.727976 -0.623539
v -0.222500 5.727976 -0.639123
v -0.129583 5.727976 -0.649323
v -0.036667 5.727976 -0.654140
v 0.056250 5.727976 -0.653572
v 0.149167 5.727976 -0.647621
v 0.242083 5.727976 -0.636286
v 0.335000 5.727976 -0.620000
v 0.427917 5.727976 -0.620000
v 0.520833 5.727976 -0.620000
v -0.408333 5.644345 -0.620000
v -0.315417 5.644345 -0.631584
v -0.222500 5.644345 -0.647168
v -0.129583 5.644345 -0.657368
v -0.036667 5.644345 -0.662184
v 0.056250 5.644345 -0.661617
v 0.149167 5.644345 -0.655666
v 0.242083 5.644345 -0.644331
v 0.335000 5.644345 -0.627613
v 0.427917 5.644345 -0.620000
v 0.520833 5.644345 -0.620000
v -0.408333 5.560714 -0.620000
v -0.315417 5.560714 -0.637628
v -0.222500 5.560714 -0.653212
v -0.129583 5.560714 -0.663412
v -0.036667 5.560714 -0.668228
v 0.056250 5.560714 -0.667661
v 0.149167 5.560714 -0.661710
v 0.242083 5.560714 -0.650375
v 0.335000 5.560714 -0.633656
v 0.427917 5.560714 -0.620000
v 0.520833 5.560714 -0.620000
v -0.408333 5.477083 -0.620702
v -0.315417 5.477083 -0.641670
v -0.222500 5.477083 -0.657254
v -0.129583 5.477083 -0.667454
v -0.036667 5.477083 -0.672270
v 0.056250 5.477083 -0.671703
v 0.149167 5.477083 -0.665752
v 0.242083 5.477083 -0.654417
v 0.335000 5.477083 -0.637698
v 0.427917 5.477083 -0.620000
v 0.520833 5.477083 -0.620000
v -0.408333 5.393452 -0.622743
v -0.315417 5.393452 -0.643710
v -0.222500 5.393452 -0.659294
v -0.129583 5.393452 -0.669494
v -0.036667 5.393452 -0.674311
v 0.056250 5.393452 -0.673743
v 0.149167 5.393452 -0.667792
v 0.242083 5.393452 -0.656458
v 0.335000 5.393452 -0.639739
v 0.427917 5.393452 -0.620000
v 0.520833 5.393452 -0.620000
v -0.408333 5.309822 -0.622782
v -0.315417 5.309822 -0.643750
v -0.222500 5.309822 -0.659333
v -0.129583 5.309822 -0.669533
v -0.036667 5.309822 -0.674350
v 0.056250 5.309822 -0.673782
v 0.149167 5.309822 -0.667831
v 0.242083 5.309822 -0.656497
v 0.335000 5.309822 -0.639778
v 0.427917 5.309822 -0.620000
v 0.520833 5.309822 -0.620000
v -0.408333 5.226191 -0.620820
v -0.315417 5.226191 -0.641787
v -0.222500 5.226191 -0.657371
v -0.129583 5.226191 -0.667571
v -0.036667 5.226191 -0.672388
v 0.056250 5.226191 -0.671820
v 0.149167 5.226191 -0.665869
v 0.242083 5.226191 -0.654534
v 0.335000 5.226191 -0.637816
v 0.427917 5.226191 -0.620000
v 0.520833 5.226191 -0.620000
v -0.408333 5.142560 -0.620000
v -0.315417 5.142560 -0.637824
v -0.222500 5.142560 -0.653407
v -0.129583 5.142560 -0.663607
v -0.036667 5.142560 -0.668424
v 0.056250 5.142560 -0.667857
v 0.149167 5.142560 -0.661905
v 0.242083 5.142560 -0.650571
v 0.335000 5.142560 -0.633852
v 0.427917 5.142560 -0.620000
v 0.520833 5.142560 -0.620000
v -0.408333 5.058928 -0.620000
v -0.315417 5.058928 -0.631858
v -0.222500 5.058928 -0.647442
v -0.129583 5.058928 -0.657642
v -0.036667 5.058928 -0.662459
v 0.056250 5.058928 -0.661891
v 0.149167 5.058928 -0.655940
v 0.242083 5.058928 -0.644606
v 0.335000 5.058928 -0.627887
v 0.427917 5.058928 -0.620000
v 0.520833 5.058928 -0.620000
v -0.408333 4.975297 -0.620000
v -0.315417 4.975297 -0.623892
v -0.222500 4.975297 -0.639476
v -0.129583 4.975297 -0.649676
v -0.036667 4.975297 -0.654492
v 0.056250 4.975297 -0.653925
v 0.149167 4.975297 -0.647974
v 0.242083 4.975297 -0.636639
v 0.335000 4.975297 -0.620000
v 0.427917 4.975297 -0.620000
v 0.520833 4.975297 -0.620000
v -0.408333 4.891667 -0.620000
v -0.315417 4.891667 -0.620000
v -0.222500 4.891667 -0.629508
v -0.129583 4.891667 -0.639708
v -0.036667 4.891667 -0.644524
v 0.056250 4.891667 -0.643957
v 0.149167 4.891667 -0.638006
v 0.242083 4.891667 -0.626671
v 0.335000 4.891667 -0.620000
v 0.427917 4.891667 -0.620000
v 0.520833 4.891667 -0.620000
vn -0.0000 -0.0000 -1.0000
vn -0.0097 0.0108 -0.9999
vn -0.0162 0.0394 -0.9991
vn -0.0057 0.0636 -0.9980
vn 0.0087 0.0602 -0.9981
vn 0.0154 0.0336 -0.9993
vn 0.0074 0.0083 -0.9999
vn -0.0122 0.0135 -0.9998
vn -0.0451 0.0555 -0.9974
vn -0.0522 0.1064 -0.9930
vn -0.0170 0.1348 -0.9907
vn 0.0261 0.1314 -0.9910
vn 0.0538 0.0963 -0.9939
vn 0.0383 0.0446 -0.9983
vn 0.0084 0.0093 -0.9999
vn -0.0095 0.0106 -0.9999
vn -0.0498 0.0389 -0.9980
vn -0.0954 0.0946 -0.9909
vn -0.0760 0.1263 -0.9891
vn -0.0226 0.1309 -0.9911
vn 0.0347 0.1308 -0.9908
vn 0.0843 0.1221 -0.9889
vn 0.0911 0.0809 -0.9926
vn 0.0385 0.0242 -0.9990
vn -0.0501 0.0345 -0.9981
vn -0.0990 0.0610 -0.9932
vn -0.1283 0.0972 -0.9870
vn -0.0800 0.1072 -0.9910
vn -0.0227 0.1075 -0.9939
vn 0.0348 0.1074 -0.9936
vn 0.0920 0.1070 -0.9900
vn 0.1340 0.0914 -0.9868
vn 0.0838 0.0492 -0.9953
vn 0.0102 0.0114 -0.9999
vn -0.1182 0.0418 -0.9921
vn -0.1417 0.0624 -0.9879
vn -0.1368 0.0831 -0.9871
vn -0.0802 0.0836 -0.9933
vn -0.0228 0.0839 -0.9962
vn 0.0349 0.0839 -0.9959
vn 0.0922 0.0835 -0.9922
vn 0.1481 0.0824 -0.9855
vn 0.1267 0.0612 -0.9901
vn 0.0387 0.0204 -0.9990
vn -0.1793 0.0317 -0.9833
vn -0.1723 0.0456 -0.9840
vn -0.1370 0.0596 -0.9888
vn -0.0803 0.0600 -0.9950
vn -0.0228 0.0602 -0.9979
vn 0.0350 0.0601 -0.9976
vn 0.0924 0.0599 -0.9939
vn 0.1489 0.0595 -0.9871
vn 0.1585 0.0446 -0.9863
vn 0.0702 0.0150 -0.9974
vn -0.2117 0.0258 -0.9770
vn -0.1885 0.0308 -0.9816
vn -0.1372 0.0360 -0.9899
vn -0.0804 0.0362 -0.9961
vn -0.0228 0.0363 -0.9991
vn 0.0350 0.0363 -0.9987
vn 0.0925 0.0362 -0.9951
vn 0.1490 0.0359 -0.9882
vn 0.1795 0.0269 -0.9834
vn 0.0913 0.0090 -0.9958
vn -0.2201 0.0121 -0.9754
vn -0.1928 0.0122 -0.9812
vn -0.1373 0.0123 -0.9905
vn -0.0805 0.0124 -0.9967
vn -0.0228 0.0124 -0.9997
vn 0.0350 0.0124 -0.9993
vn 0.0925 0.0124 -0.9956
vn 0.1491 0.0123 -0.9887
vn 0.1899 0.0092 -0.9818
vn 0.1019 0.0031 -0.9948
vn -0.2201 -0.0112 -0.9754
vn -0.1928 -0.0113 -0.9812
vn -0.1373 -0.0114 -0.9905
vn -0.0805 -0.0115 -0.9967
vn -0.0228 -0.0115 -0.9997
vn 0.0350 -0.0115 -0.9993
vn 0.0925 -0.0114 -0.9956
vn 0.1491 -0.0114 -0.9888
vn 0.1901 -0.0085 -0.9817
vn 0.1021 -0.0028 -0.9948
vn -0.2122 -0.0254 -0.9769
vn -0.1888 -0.0302 -0.9816
vn -0.1372 -0.0351 -0.9899
vn -0.0804 -0.0353 -0.9961
vn -0.0228 -0.0354 -0.9991
vn 0.0350 -0.0354 -0.9988
vn 0.0925 -0.0352 -0.9951
vn 0.1490 -0.0350 -0.9882
vn 0.1801 -0.0262 -0.9833
vn 0.0920 -0.0088 -0.9957
vn -0.1810 -0.0316 -0.9830
vn -0.1732 -0.0451 -0.9839
vn -0.1371 -0.0587 -0.9888
vn -0.0803 -0.0590 -0.9950
vn -0.0228 -0.0592 -0.9980
vn 0.0350 -0.0592 -0.9976
vn 0.0924 -0.0590 -0.9940
vn 0.1489 -0.0586 -0.9871
vn 0.1596 -0.0439 -0.9862
vn 0.0712 -0.0147 -0.9974
vn -0.1211 -0.0413 -0.9918
vn -0.1432 -0.0617 -0.9878
vn -0.1368 -0.0822 -0.9872
vn -0.0802 -0.0827 -0.9933
vn -0.0228 -0.0830 -0.9963
vn 0.0349 -0.0829 -0.9959
vn 0.0922 -0.0826 -0.9923
vn 0.1485 -0.0819 -0.9855
vn 0.1281 -0.0615 -0.9898
vn 0.0397 -0.0206 -0.9990
vn -0.0527 -0.0354 -0.9980
vn -0.1009 -0.0616 -0.9930
vn -0.1289 -0.0969 -0.9869
vn -0.0800 -0.1062 -0.9911
vn -0.0227 -0.1065 -0.9940
vn 0.0348 -0.1065 -0.9937
vn 0.0920 -0.1061 -0.9901
vn 0.1354 -0.0911 -0.9866
vn 0.0856 -0.0498 -0.9951
vn 0.0106 -0.0118 -0.9999
vn -0.0209 -0.0233 -0.9995
vn -0.0772 -0.0526 -0.9956
vn -0.1210 -0.0996 -0.9876
vn -0.0801 -0.1180 -0.9898
vn -0.0227 -0.1183 -0.9927
vn 0.0349 -0.1183 -0.9924
vn 0.0921 -0.1179 -0.9888
vn 0.1223 -0.0881 -0.9886
vn 0.0623 -0.0296 -0.9976
vt 0.404297 0.947266
vt 0.426074 0.947266
vt 0.426074 0.934198
vt 0.404297 0.934198
vt 0.447852 0.947266
vt 0.447852 0.934198
vt 0.469629 0.947266
vt 0.469629 0.934198
vt 0.491406 0.947266
vt 0.491406 0.934198
vt 0.513184 0.947266
vt 0.513184 0.934198
vt 0.534961 0.947266
vt 0.534961 0.934198
vt 0.556738 0.947266
vt 0.556738 0.934198
vt 0.578516 0.947266
vt 0.578516 0.934198
vt 0.600293 0.947266
vt 0.600293 0.934198
vt 0.622070 0.947266
vt 0.622070 0.934198
vt 0.426074 0.921131
vt 0.404297 0.921131
vt 0.447852 0.921131
vt 0.469629 0.921131
vt 0.491406 0.921131
vt 0.513184 0.921131
vt 0.534961 0.921131
vt 0.556738 0.921131
vt 0.578516 0.921131
vt 0.600293 0.921131
vt 0.622070 0.921131
vt 0.426074 0.908064
vt 0.404297 0.908064
vt 0.447852 0.908064
vt 0.469629 0.908064
vt 0.491406 0.908064
vt 0.513184 0.908064
vt 0.534961 0.908064
vt 0.556738 0.908064
vt 0.578516 0.908064
vt 0.600293 0.908064
vt 0.622070 0.908064
vt 0.426074 0.894996
vt 0.404297 0.894996
vt 0.447852 0.894996
vt 0.469629 0.894996
vt 0.491406 0.894996
vt 0.513184 0.894996
vt 0.534961 0.894996
vt 0.556738 0.894996
vt 0.578516 0.894996
vt 0.600293 0.894996
vt 0.622070 0.894996
vt 0.426074 0.881929
vt 0.404297 0.881929
vt 0.447852 0.881929
vt 0.469629 0.881929
vt 0.491406 0.881929
vt 0.513184 0.881929
vt 0.534961 0.881929
vt 0.556738 0.881929
vt 0.578516 0.881929
vt 0.600293 0.881929
vt 0.622070 0.881929
vt 0.426074 0.868862
vt 0.404297 0.868862
vt 0.447852 0.868862
vt 0.469629 0.868862
vt 0.491406 0.868862
vt 0.513184 0.868862
vt 0.534961 0.868862
vt 0.556738 0.868862
vt 0.578516 0.868862
vt 0.600293 0.868862
vt 0.622070 0.868862
vt 0.426074 0.855794
vt 0.404297 0.855794
vt 0.447852 0.855794
vt 0.469629 0.855794
vt 0.491406 0.855794
vt 0.513184 0.855794
vt 0.534961 0.855794
vt 0.556738 0.855794
vt 0.578516 0.855794
vt 0.600293 0.855794
vt 0.622070 0.855794
vt 0.426074 0.842727
vt 0.404297 0.842727
vt 0.447852 0.842727
vt 0.469629 0.842727
vt 0.491406 0.842727
vt 0.513184 0.842727
vt 0.534961 0.842727
vt 0.556738 0.842727
vt 0.578516 0.842727
vt 0.600293 0.842727
vt 0.622070 0.842727
vt 0.426074 0.829660
vt 0.404297 0.829660
vt 0.447852 0.829660
vt 0.469629 0.829660
vt 0.491406 0.829660
vt 0.513184 0.829660
vt 0.534961 0.829660
vt 0.556738 0.829660
vt 0.578516 0.829660
vt 0.600293 0.829660
vt 0.622070 0.829660
vt 0.426074 0.816592
vt 0.404297 0.816592
vt 0.447852 0.816592
vt 0.469629 0.816592
vt 0.491406 0.816592
vt 0.513184 0.816592
vt 0.534961 0.816592
vt 0.556738 0.816592
vt 0.578516 0.816592
vt 0.600293 0.816592
vt 0.622070 0.816592
vt 0.426074 0.803525
vt 0.404297 0.803525
vt 0.447852 0.803525
vt 0.469629 0.803525
vt 0.491406 0.803525
vt 0.513184 0.803525
vt 0.534961 0.803525
vt 0.556738 0.803525
vt 0.578516 0.803525
vt 0.600293 0.803525
vt 0.622070 0.803525
vt 0.426074 0.790458
vt 0.404297 0.790458
vt 0.447852 0.790458
vt 0.469629 0.790458
vt 0.491406 0.790458
vt 0.513184 0.790458
vt 0.534961 0.790458
vt 0.556738 0.790458
vt 0.578516 0.790458
vt 0.600293 0.790458
vt 0.622070 0.790458
vt 0.426074 0.777390
vt 0.404297 0.777390
vt 0.447852 0.777390
vt 0.469629 0.777390
vt 0.491406 0.777390
vt 0.513184 0.777390
vt 0.534961 0.777390
vt 0.556738 0.777390
vt 0.578516 0.777390
vt 0.600293 0.777390
vt 0.622070 0.777390
vt 0.426074 0.764323
vt 0.404297 0.764323
vt 0.447852 0.764323
vt 0.469629 0.764323
vt 0.491406 0.764323
vt 0.513184 0.764323
vt 0.534961 0.764323
vt 0.556738 0.764323
vt 0.578516 0.764323
vt 0.600293 0.764323
vt 0.622070 0.764323
s 1
usemtl face_alpha
f 2063/2063/84 2064/2064/84 2075/2065/84 2074/2066/84
f 2064/2064/84 2065/2067/84 2076/2068/85 2075/2065/84
f 2065/2067/84 2066/2069/84 2077/2070/86 2076/2068/85
f 2066/2069/84 2067/2071/84 2078/2072/87 2077/2070/86
f 2067/2071/84 2068/2073/84 2079/2074/88 2078/2072/87
f 2068/2073/84 2069/2075/84 2080/2076/89 2079/2074/88
f 2069/2075/84 2070/2077/84 2081/2078/90 2080/2076/89
f 2070/2077/84 2071/2079/84 2082/2080/84 2081/2078/90
f 2071/2079/84 2072/2081/84 2083/2082/84 2082/2080/84
f 2072/2081/84 2073/2083/84 2084/2084/84 2083/2082/84
f 2074/2066/84 2075/2065/84 2086/2085/91 2085/2086/84
f 2075/2065/84 2076/2068/85 2087/2087/92 2086/2085/91
f 2076/2068/85 2077/2070/86 2088/2088/93 2087/2087/92
f 2077/2070/86 2078/2072/87 2089/2089/94 2088/2088/93
f 2078/2072/87 2079/2074/88 2090/2090/95 2089/2089/94
f 2079/2074/88 2080/2076/89 2091/2091/96 2090/2090/95
f 2080/2076/89 2081/2078/90 2092/2092/97 2091/2091/96
f 2081/2078/90 2082/2080/84 2093/2093/98 2092/2092/97
f 2082/2080/84 2083/2082/84 2094/2094/84 2093/2093/98
f 2083/2082/84 2084/2084/84 2095/2095/84 2094/2094/84
f 2085/2086/84 2086/2085/91 2097/2096/100 2096/2097/99
f 2086/2085/91 2087/2087/92 2098/2098/101 2097/2096/100
f 2087/2087/92 2088/2088/93 2099/2099/102 2098/2098/101
f 2088/2088/93 2089/2089/94 2100/2100/103 2099/2099/102
f 2089/2089/94 2090/2090/95 2101/2101/104 2100/2100/103
f 2090/2090/95 2091/2091/96 2102/2102/105 2101/2101/104
f 2091/2091/96 2092/2092/97 2103/2103/106 2102/2102/105
f 2092/2092/97 2093/2093/98 2104/2104/107 2103/2103/106
f 2093/2093/98 2094/2094/84 2105/2105/84 2104/2104/107
f 2094/2094/84 2095/2095/84 2106/2106/84 2105/2105/84
f 2096/2097/99 2097/2096/100 2108/2107/109 2107/2108/108
f 2097/2096/100 2098/2098/101 2109/2109/110 2108/2107/109
f 2098/2098/101 2099/2099/102 2110/2110/111 2109/2109/110
f 2099/2099/102 2100/2100/103 2111/2111/112 2110/2110/111
f 2100/2100/103 2101/2101/104 2112/2112/113 2111/2111/112
f 2101/2101/104 2102/2102/105 2113/2113/114 2112/2112/113
f 2102/2102/105 2103/2103/106 2114/2114/115 2113/2113/114
f 2103/2103/106 2104/2104/107 2115/2115/116 2114/2114/115
f 2104/2104/107 2105/2105/84 2116/2116/117 2115/2115/116
f 2105/2105/84 2106/2106/84 2117/2117/84 2116/2116/117
f 2107/2108/108 2108/2107/109 2119/2118/119 2118/2119/118
f 2108/2107/109 2109/2109/110 2120/2120/120 2119/2118/119
f 2109/2109/110 2110/2110/111 2121/2121/121 2120/2120/120
f 2110/2110/111 2111/2111/112 2122/2122/122 2121/2121/121
f 2111/2111/112 2112/2112/113 2123/2123/123 2122/2122/122
f 2112/2112/113 2113/2113/114 2124/2124/124 2123/2123/123
f 2113/2113/114 2114/2114/115 2125/2125/125 2124/2124/124
f 2114/2114/115 2115/2115/116 2126/2126/126 2125/2125/125
f 2115/2115/116 2116/2116/117 2127/2127/127 2126/2126/126
f 2116/2116/117 2117/2117/84 2128/2128/84 2127/2127/127
f 2118/2119/118 2119/2118/119 2130/2129/129 2129/2130/128
f 2119/2118/119 2120/2120/120 2131/2131/130 2130/2129/129
f 2120/2120/120 2121/2121/121 2132/2132/131 2131/2131/130
f 2121/2121/121 2122/2122/122 2133/2133/132 2132/2132/131
f 2122/2122/122 2123/2123/123 2134/2134/133 2133/2133/132
f 2123/2123/123 2124/2124/124 2135/2135/134 2134/2134/133
f 2124/2124/124 2125/2125/125 2136/2136/135 2135/2135/134
f 2125/2125/125 2126/2126/126 2137/2137/136 2136/2136/135
f 2126/2126/126 2127/2127/127 2138/2138/137 2137/2137/136
f 2127/2127/127 2128/2128/84 2139/2139/84 2138/2138/137
f 2129/2130/128 2130/2129/129 2141/2140/139 2140/2141/138
f 2130/2129/129 2131/2131/130 2142/2142/140 2141/2140/139
f 2131/2131/130 2132/2132/131 2143/2143/141 2142/2142/140
f 2132/2132/131 2133/2133/132 2144/2144/142 2143/2143/141
f 2133/2133/132 2134/2134/133 2145/2145/143 2144/2144/142
f 2134/2134/133 2135/2135/134 2146/2146/144 2145/2145/143
f 2135/2135/134 2136/2136/135 2147/2147/145 2146/2146/144
f 2136/2136/135 2137/2137/136 2148/2148/146 2147/2147/145
f 2137/2137/136 2138/2138/137 2149/2149/147 2148/2148/146
f 2138/2138/137 2139/2139/84 2150/2150/84 2149/2149/147
f 2140/2141/138 2141/2140/139 2152/2151/149 2151/2152/148
f 2141/2140/139 2142/2142/140 2153/2153/150 2152/2151/149
f 2142/2142/140 2143/2143/141 2154/2154/151 2153/2153/150
f 2143/2143/141 2144/2144/142 2155/2155/152 2154/2154/151
f 2144/2144/142 2145/2145/143 2156/2156/153 2155/2155/152
f 2145/2145/143 2146/2146/144 2157/2157/154 2156/2156/153
f 2146/2146/144 2147/2147/145 2158/2158/155 2157/2157/154
f 2147/2147/145 2148/2148/146 2159/2159/156 2158/2158/155
f 2148/2148/146 2149/2149/147 2160/2160/157 2159/2159/156
f 2149/2149/147 2150/2150/84 2161/2161/84 2160/2160/157
f 2151/2152/148 2152/2151/149 2163/2162/159 2162/2163/158
f 2152/2151/149 2153/2153/150 2164/2164/160 2163/2162/159
f 2153/2153/150 2154/2154/151 2165/2165/161 2164/2164/160
f 2154/2154/151 2155/2155/152 2166/2166/162 2165/2165/161
f 2155/2155/152 2156/2156/153 2167/2167/163 2166/2166/162
f 2156/2156/153 2157/2157/154 2168/2168/164 2167/2167/163
f 2157/2157/154 2158/2158/155 2169/2169/165 2168/2168/164
f 2158/2158/155 2159/2159/156 2170/2170/166 2169/2169/165
f 2159/2159/156 2160/2160/157 2171/2171/167 2170/2170/166
f 2160/2160/157 2161/2161/84 2172/2172/84 2171/2171/167
f 2162/2163/158 2163/2162/159 2174/2173/169 2173/2174/168
f 2163/2162/159 2164/2164/160 2175/2175/170 2174/2173/169
f 2164/2164/160 2165/2165/161 2176/2176/171 2175/2175/170
f 2165/2165/161 2166/2166/162 2177/2177/172 2176/2176/171
f 2166/2166/162 2167/2167/163 2178/2178/173 2177/2177/172
f 2167/2167/163 2168/2168/164 2179/2179/174 2178/2178/173
f 2168/2168/164 2169/2169/165 2180/2180/175 2179/2179/174
f 2169/2169/165 2170/2170/166 2181/2181/176 2180/2180/175
f 2170/2170/166 2171/2171/167 2182/2182/177 2181/2181/176
f 2171/2171/167 2172/2172/84 2183/2183/84 2182/2182/177
f 2173/2174/168 2174/2173/169 2185/2184/179 2184/2185/178
f 2174/2173/169 2175/2175/170 2186/2186/180 2185/2184/179
f 2175/2175/170 2176/2176/171 2187/2187/181 2186/2186/180
f 2176/2176/171 2177/2177/172 2188/2188/182 2187/2187/181
f 2177/2177/172 2178/2178/173 2189/2189/183 2188/2188/182
f 2178/2178/173 2179/2179/174 2190/2190/184 2189/2189/183
f 2179/2179/174 2180/2180/175 2191/2191/185 2190/2190/184
f 2180/2180/175 2181/2181/176 2192/2192/186 2191/2191/185
f 2181/2181/176 2182/2182/177 2193/2193/187 2192/2192/186
f 2182/2182/177 2183/2183/84 2194/2194/84 2193/2193/187
f 2184/2185/178 2185/2184/179 2196/2195/189 2195/2196/188
f 2185/2184/179 2186/2186/180 2197/2197/190 2196/2195/189
f 2186/2186/180 2187/2187/181 2198/2198/191 2197/2197/190
f 2187/2187/181 2188/2188/182 2199/2199/192 2198/2198/191
f 2188/2188/182 2189/2189/183 2200/2200/193 2199/2199/192
f 2189/2189/183 2190/2190/184 2201/2201/194 2200/2200/193
f 2190/2190/184 2191/2191/185 2202/2202/195 2201/2201/194
f 2191/2191/185 2192/2192/186 2203/2203/196 2202/2202/195
f 2192/2192/186 2193/2193/187 2204/2204/197 2203/2203/196
f 2193/2193/187 2194/2194/84 2205/2205/84 2204/2204/197
f 2195/2196/188 2196/2195/189 2207/2206/199 2206/2207/198
f 2196/2195/189 2197/2197/190 2208/2208/200 2207/2206/199
f 2197/2197/190 2198/2198/191 2209/2209/201 2208/2208/200
f 2198/2198/191 2199/2199/192 2210/2210/202 2209/2209/201
f 2199/2199/192 2200/2200/193 2211/2211/203 2210/2210/202
f 2200/2200/193 2201/2201/194 2212/2212/204 2211/2211/203
f 2201/2201/194 2202/2202/195 2213/2213/205 2212/2212/204
f 2202/2202/195 2203/2203/196 2214/2214/206 2213/2213/205
f 2203/2203/196 2204/2204/197 2215/2215/207 2214/2214/206
f 2204/2204/197 2205/2205/84 2216/2216/84 2215/2215/207
f 2206/2207/198 2207/2206/199 2218/2217/209 2217/2218/208
f 2207/2206/199 2208/2208/200 2219/2219/210 2218/2217/209
f 2208/2208/200 2209/2209/201 2220/2220/211 2219/2219/210
f 2209/2209/201 2210/2210/202 2221/2221/212 2220/2220/211
f 2210/2210/202 2211/2211/203 2222/2222/213 2221/2221/212
f 2211/2211/203 2212/2212/204 2223/2223/214 2222/2222/213
f 2212/2212/204 2213/2213/205 2224/2224/215 2223/2223/214
f 2213/2213/205 2214/2214/206 2225/2225/216 2224/2224/215
f 2214/2214/206 2215/2215/207 2226/2226/84 2225/2225/216
f 2215/2215/207 2216/2216/84 2227/2227/84 2226/2226/84
o bangs
v -0.604167 6.195833 -0.652000
v -0.422917 6.195833 -0.652000
v -0.609434 6.094531 -0.658828
v -0.428184 6.094531 -0.658828
v -0.614499 5.993229 -0.665394
v -0.433249 5.993229 -0.665394
v -0.619167 5.891927 -0.671445
v -0.437917 5.891927 -0.671445
v -0.623259 5.790625 -0.676749
v -0.442009 5.790625 -0.676749
v -0.626616 5.689323 -0.681101
v -0.445366 5.689323 -0.681101
v -0.629111 5.588021 -0.684336
v -0.447861 5.588021 -0.684336
v -0.630648 5.486719 -0.686327
v -0.449398 5.486719 -0.686327
v -0.631167 5.385417 -0.687000
v -0.449917 5.385417 -0.687000
v -0.630648 5.284114 -0.686327
v -0.449398 5.284114 -0.686327
v -0.629111 5.182813 -0.684336
v -0.447861 5.182813 -0.684336
v -0.626616 5.081511 -0.681101
v -0.445366 5.081511 -0.681101
v -0.623259 4.980208 -0.676749
v -0.442009 4.980208 -0.676749
v -0.619167 4.878906 -0.671445
v -0.437917 4.878906 -0.671445
v -0.614499 4.777604 -0.665394
v -0.433249 4.777604 -0.665394
v -0.609434 4.676302 -0.658828
v -0.428184 4.676302 -0.658828
v -0.604167 4.575000 -0.652000
v -0.422917 4.575000 -0.652000
v -0.495417 6.195833 -0.676000
v -0.277917 6.195833 -0.676000
v -0.499514 6.094531 -0.682828
v -0.282014 6.094531 -0.682828
v -0.503453 5.993229 -0.689394
v -0.285953 5.993229 -0.689394
v -0.507084 5.891927 -0.695445
v -0.289584 5.891927 -0.695445
v -0.510266 5.790625 -0.700749
v -0.292766 5.790625 -0.700749
v -0.512878 5.689323 -0.705101
v -0.295378 5.689323 -0.705101
v -0.514818 5.588021 -0.708336
v -0.297318 5.588021 -0.708336
v -0.516013 5.486719 -0.710328
v -0.298513 5.486719 -0.710328
v -0.516417 5.385417 -0.711000
v -0.298917 5.385417 -0.711000
v -0.516013 5.284114 -0.710328
v -0.298513 5.284114 -0.710328
v -0.514818 5.182813 -0.708336
v -0.297318 5.182813 -0.708336
v -0.512878 5.081511 -0.705101
v -0.295378 5.081511 -0.705101
v -0.510266 4.980208 -0.700749
v -0.292766 4.980208 -0.700749
v -0.507084 4.878906 -0.695445
v -0.289584 4.878906 -0.695445
v -0.503453 4.777604 -0.689394
v -0.285953 4.777604 -0.689394
v -0.499514 4.676302 -0.682828
v -0.282014 4.676302 -0.682828
v -0.495417 4.575000 -0.676000
v -0.277917 4.575000 -0.676000
v -0.350417 6.195833 -0.700000
v -0.132917 6.195833 -0.700000
v -0.353343 6.094531 -0.706828
v -0.135843 6.094531 -0.706828
v -0.356157 5.993229 -0.713394
v -0.138657 5.993229 -0.713394
v -0.358750 5.891927 -0.719445
v -0.141250 5.891927 -0.719445
v -0.361023 5.790625 -0.724749
v -0.143523 5.790625 -0.724749
v -0.362889 5.689323 -0.729101
v -0.145389 5.689323 -0.729101
v -0.364275 5.588021 -0.732336
v -0.146775 5.588021 -0.732336
v -0.365128 5.486719 -0.734327
v -0.147628 5.486719 -0.734327
v -0.365417 5.385417 -0.735000
v -0.147917 5.385417 -0.735000
v -0.365128 5.284114 -0.734327
v -0.147628 5.284114 -0.734327
v -0.364275 5.182813 -0.732336
v -0.146775 5.182813 -0.732336
v -0.362889 5.081511 -0.729101
v -0.145389 5.081511 -0.729101
v -0.361023 4.980208 -0.724749
v -0.143523 4.980208 -0.724749
v -0.358750 4.878906 -0.719445
v -0.141250 4.878906 -0.719445
v -0.356157 4.777604 -0.713394
v -0.138657 4.777604 -0.713394
v -0.353343 4.676302 -0.706828
v -0.135843 4.676302 -0.706828
v -0.350417 4.575000 -0.700000
v -0.132917 4.575000 -0.700000
v -0.205417 6.195833 -0.724000
v 0.012083 6.195833 -0.724000
v -0.207172 6.094531 -0.730828
v 0.010328 6.094531 -0.730828
v -0.208861 5.993229 -0.737394
v 0.008639 5.993229 -0.737394
v -0.210417 5.891927 -0.743445
v 0.007083 5.891927 -0.743445
v -0.211781 5.790625 -0.748749
v 0.005719 5.790625 -0.748749
v -0.212900 5.689323 -0.753101
v 0.004600 5.689323 -0.753101
v -0.213732 5.588021 -0.756336
v 0.003768 5.588021 -0.756336
v -0.214244 5.486719 -0.758327
v 0.003256 5.486719 -0.758327
v -0.214417 5.385417 -0.759000
v 0.003083 5.385417 -0.759000
v -0.214244 5.284114 -0.758327
v 0.003256 5.284114 -0.758327
v -0.213732 5.182813 -0.756336
v 0.003768 5.182813 -0.756336
v -0.212900 5.081511 -0.753101
v 0.004600 5.081511 -0.753101
v -0.211781 4.980208 -0.748749
v 0.005719 4.980208 -0.748749
v -0.210417 4.878906 -0.743445
v 0.007083 4.878906 -0.743445
v -0.208861 4.777604 -0.737394
v 0.008639 4.777604 -0.737394
v -0.207172 4.676302 -0.730828
v 0.010328 4.676302 -0.730828
v -0.205417 4.575000 -0.724000
v 0.012083 4.575000 -0.724000
v -0.060417 6.195833 -0.748000
v 0.157083 6.195833 -0.748000
v -0.061002 6.094531 -0.754828
v 0.156498 6.094531 -0.754828
v -0.061565 5.993229 -0.761394
v 0.155935 5.993229 -0.761394
v -0.062083 5.891927 -0.767445
v 0.155417 5.891927 -0.767445
v -0.062538 5.790625 -0.772749
v 0.154962 5.790625 -0.772749
v -0.062911 5.689323 -0.777101
v 0.154589 5.689323 -0.777101
v -0.063188 5.588021 -0.780336
v 0.154312 5.588021 -0.780336
v -0.063359 5.486719 -0.782327
v 0.154141 5.486719 -0.782327
v -0.063417 5.385417 -0.783000
v 0.154083 5.385417 -0.783000
v -0.063359 5.284114 -0.782327
v 0.154141 5.284114 -0.782327
v -0.063188 5.182813 -0.780336
v 0.154312 5.182813 -0.780336
v -0.062911 5.081511 -0.777101
v 0.154589 5.081511 -0.777101
v -0.062538 4.980208 -0.772749
v 0.154962 4.980208 -0.772749
v -0.062083 4.878906 -0.767445
v 0.155417 4.878906 -0.767445
v -0.061565 4.777604 -0.761394
v 0.155935 4.777604 -0.761394
v -0.061002 4.676302 -0.754828
v 0.156498 4.676302 -0.754828
v -0.060417 4.575000 -0.748000
v 0.157083 4.575000 -0.748000
v 0.084583 6.195833 -0.772000
v 0.302083 6.195833 -0.772000
v 0.085169 6.094531 -0.778828
v 0.302669 6.094531 -0.778828
v 0.085731 5.993229 -0.785394
v 0.303231 5.993229 -0.785394
v 0.086250 5.891927 -0.791445
v 0.303750 5.891927 -0.791445
v 0.086705 5.790625 -0.796749
v 0.304205 5.790625 -0.796749
v 0.087078 5.689323 -0.801101
v 0.304578 5.689323 -0.801101
v 0.087355 5.588021 -0.804336
v 0.304855 5.588021 -0.804336
v 0.087526 5.486719 -0.806327
v 0.305026 5.486719 -0.806327
v 0.087583 5.385417 -0.807000
v 0.305083 5.385417 -0.807000
v 0.087526 5.284114 -0.806327
v 0.305026 5.284114 -0.806327
v 0.087355 5.182813 -0.804336
v 0.304855 5.182813 -0.804336
v 0.087078 5.081511 -0.801101
v 0.304578 5.081511 -0.801101
v 0.086705 4.980208 -0.796749
v 0.304205 4.980208 -0.796749
v 0.086250 4.878906 -0.791445
v 0.303750 4.878906 -0.791445
v 0.085731 4.777604 -0.785394
v 0.303231 4.777604 -0.785394
v 0.085169 4.676302 -0.778828
v 0.302669 4.676302 -0.778828
v 0.084583 4.575000 -0.772000
v 0.302083 4.575000 -0.772000
v 0.229583 6.195833 -0.796000
v 0.447083 6.195833 -0.796000
v 0.231339 6.094531 -0.802828
v 0.448839 6.094531 -0.802828
v 0.233027 5.993229 -0.809394
v 0.450527 5.993229 -0.809394
v 0.234583 5.891927 -0.815445
v 0.452083 5.891927 -0.815445
v 0.235947 5.790625 -0.820749
v 0.453447 5.790625 -0.820749
v 0.237067 5.689323 -0.825101
v 0.454567 5.689323 -0.825101
v 0.237898 5.588021 -0.828336
v 0.455398 5.588021 -0.828336
v 0.238410 5.486719 -0.830328
v 0.455910 5.486719 -0.830328
v 0.238583 5.385417 -0.831000
v 0.456083 5.385417 -0.831000
v 0.238410 5.284114 -0.830328
v 0.455910 5.284114 -0.830328
v 0.237898 5.182813 -0.828336
v 0.455398 5.182813 -0.828336
v 0.237067 5.081511 -0.825101
v 0.454567 5.081511 -0.825101
v 0.235947 4.980208 -0.820749
v 0.453447 4.980208 -0.820749
v 0.234583 4.878906 -0.815445
v 0.452083 4.878906 -0.815445
v 0.233027 4.777604 -0.809394
v 0.450527 4.777604 -0.809394
v 0.231339 4.676302 -0.802828
v 0.448839 4.676302 -0.802828
v 0.229583 4.575000 -0.796000
v 0.447083 4.575000 -0.796000
v 0.374583 6.195833 -0.820000
v 0.592083 6.195833 -0.820000
v 0.377510 6.094531 -0.826828
v 0.595010 6.094531 -0.826828
v 0.380324 5.993229 -0.833394
v 0.597824 5.993229 -0.833394
v 0.382917 5.891927 -0.839445
v 0.600417 5.891927 -0.839445
v 0.385190 5.790625 -0.844749
v 0.602690 5.790625 -0.844749
v 0.387055 5.689323 -0.849101
v 0.604555 5.689323 -0.849101
v 0.388442 5.588021 -0.852336
v 0.605942 5.588021 -0.852336
v 0.389295 5.486719 -0.854327
v 0.606795 5.486719 -0.854327
v 0.389583 5.385417 -0.855000
v 0.607083 5.385417 -0.855000
v 0.389295 5.284114 -0.854327
v 0.606795 5.284114 -0.854327
v 0.388442 5.182813 -0.852336
v 0.605942 5.182813 -0.852336
v 0.387055 5.081511 -0.849101
v 0.604555 5.081511 -0.849101
v 0.385190 4.980208 -0.844749
v 0.602690 4.980208 -0.844749
v 0.382917 4.878906 -0.839445
v 0.600417 4.878906 -0.839445
v 0.380324 4.777604 -0.833394
v 0.597824 4.777604 -0.833394
v 0.377510 4.676302 -0.826828
v 0.595010 4.676302 -0.826828
v 0.374583 4.575000 -0.820000
v 0.592083 4.575000 -0.820000
v 0.519583 6.195833 -0.844000
v 0.737083 6.195833 -0.844000
v 0.523680 6.094531 -0.850828
v 0.741180 6.094531 -0.850828
v 0.527620 5.993229 -0.857394
v 0.745120 5.993229 -0.857394
v 0.531250 5.891927 -0.863445
v 0.748750 5.891927 -0.863445
v 0.534433 5.790625 -0.868749
v 0.751933 5.790625 -0.868749
v 0.537044 5.689323 -0.873101
v 0.754544 5.689323 -0.873101
v 0.538985 5.588021 -0.876336
v 0.756485 5.588021 -0.876336
v 0.540180 5.486719 -0.878327
v 0.757680 5.486719 -0.878327
v 0.540583 5.385417 -0.879000
v 0.758083 5.385417 -0.879000
v 0.540180 5.284114 -0.878327
v 0.757680 5.284114 -0.878327
v 0.538985 5.182813 -0.876336
v 0.756485 5.182813 -0.876336
v 0.537044 5.081511 -0.873101
v 0.754544 5.081511 -0.873101
v 0.534433 4.980208 -0.868749
v 0.751933 4.980208 -0.868749
v 0.531250 4.878906 -0.863445
v 0.748750 4.878906 -0.863445
v 0.527620 4.777604 -0.857394
v 0.745120 4.777604 -0.857394
v 0.523680 4.676302 -0.850828
v 0.741180 4.676302 -0.850828
v 0.519583 4.575000 -0.844000
v 0.737083 4.575000 -0.844000
v 0.664583 6.195833 -0.868000
v 0.845833 6.195833 -0.868000
v 0.669851 6.094531 -0.874828
v 0.851101 6.094531 -0.874828
v 0.674916 5.993229 -0.881394
v 0.856166 5.993229 -0.881394
v 0.679584 5.891927 -0.887445
v 0.860834 5.891927 -0.887445
v 0.683675 5.790625 -0.892749
v 0.864925 5.790625 -0.892749
v 0.687033 5.689323 -0.897101
v 0.868283 5.689323 -0.897101
v 0.689528 5.588021 -0.900336
v 0.870778 5.588021 -0.900336
v 0.691065 5.486719 -0.902327
v 0.872315 5.486719 -0.902327
v 0.691583 5.385417 -0.903000
v 0.872833 5.385417 -0.903000
v 0.691065 5.284114 -0.902327
v 0.872315 5.284114 -0.902327
v 0.689528 5.182813 -0.900336
v 0.870778 5.182813 -0.900336
v 0.687033 5.081511 -0.897101
v 0.868283 5.081511 -0.897101
v 0.683675 4.980208 -0.892749
v 0.864925 4.980208 -0.892749
v 0.679584 4.878906 -0.887445
v 0.860834 4.878906 -0.887445
v 0.674916 4.777604 -0.881394
v 0.856166 4.777604 -0.881394
v 0.669851 4.676302 -0.874828
v 0.851101 4.676302 -0.874828
v 0.664583 4.575000 -0.868000
v 0.845833 4.575000 -0.868000
vn -0.0000 0.0673 -0.9977
vn -0.0000 0.0659 -0.9978
vn -0.0000 0.0660 -0.9978
vn -0.0000 0.0621 -0.9981
vn -0.0000 0.0622 -0.9981
vn -0.0000 0.0559 -0.9984
vn -0.0000 0.0561 -0.9984
vn -0.0000 0.0475 -0.9989
vn -0.0000 0.0477 -0.9989
vn -0.0000 0.0373 -0.9993
vn -0.0000 0.0375 -0.9993
vn -0.0000 0.0257 -0.9997
vn -0.0000 0.0259 -0.9997
vn -0.0000 0.0131 -0.9999
vn -0.0000 0.0132 -0.9999
vn -0.0000 -0.0000 -1.0000
vn -0.0000 -0.0131 -0.9999
vn -0.0000 -0.0132 -0.9999
vn -0.0000 -0.0257 -0.9997
vn -0.0000 -0.0259 -0.9997
vn -0.0000 -0.0373 -0.9993
vn -0.0000 -0.0375 -0.9993
vn -0.0000 -0.0475 -0.9989
vn -0.0000 -0.0477 -0.9989
vn -0.0000 -0.0559 -0.9984
vn -0.0000 -0.0561 -0.9984
vn -0.0000 -0.0621 -0.9981
vn -0.0000 -0.0622 -0.9981
vn -0.0000 -0.0659 -0.9978
vn -0.0000 -0.0660 -0.9978
vn -0.0000 -0.0673 -0.9977
vn -0.0000 0.0560 -0.9984
vn -0.0000 0.0258 -0.9997
vn -0.0000 -0.0258 -0.9997
vn -0.0000 -0.0560 -0.9984
vn -0.0000 0.0374 -0.9993
vn -0.0000 -0.0374 -0.9993
vn -0.0000 0.0476 -0.9989
vn -0.0000 -0.0476 -0.9989
vt 0.358398 0.968099
vt 0.400879 0.968099
vt 0.400879 0.952271
vt 0.358398 0.952271
vt 0.400879 0.936442
vt 0.358398 0.936442
vt 0.400879 0.920614
vt 0.358398 0.920614
vt 0.400879 0.904785
vt 0.358398 0.904785
vt 0.400879 0.888957
vt 0.358398 0.888957
vt 0.400879 0.873128
vt 0.358398 0.873128
vt 0.400879 0.857300
vt 0.358398 0.857300
vt 0.400879 0.841471
vt 0.358398 0.841471
vt 0.400879 0.825643
vt 0.358398 0.825643
vt 0.400879 0.809814
vt 0.358398 0.809814
vt 0.400879 0.793986
vt 0.358398 0.793986
vt 0.400879 0.778158
vt 0.358398 0.778158
vt 0.400879 0.762329
vt 0.358398 0.762329
vt 0.400879 0.746501
vt 0.358398 0.746501
vt 0.400879 0.730672
vt 0.358398 0.730672
vt 0.400879 0.714844
vt 0.358398 0.714844
vt 0.383887 0.968099
vt 0.434863 0.968099
vt 0.434863 0.952271
vt 0.383887 0.952271
vt 0.434863 0.936442
vt 0.383887 0.936442
vt 0.434863 0.920614
vt 0.383887 0.920614
vt 0.434863 0.904785
vt 0.383887 0.904785
vt 0.434863 0.888957
vt 0.383887 0.888957
vt 0.434863 0.873128
vt 0.383887 0.873128
vt 0.434863 0.857300
vt 0.383887 0.857300
vt 0.434863 0.841471
vt 0.383887 0.841471
vt 0.434863 0.825643
vt 0.383887 0.825643
vt 0.434863 0.809814
vt 0.383887 0.809814
vt 0.434863 0.793986
vt 0.383887 0.793986
vt 0.434863 0.778158
vt 0.383887 0.778158
vt 0.434863 0.762329
vt 0.383887 0.762329
vt 0.434863 0.746501
vt 0.383887 0.746501
vt 0.434863 0.730672
vt 0.383887 0.730672
vt 0.434863 0.714844
vt 0.383887 0.714844
vt 0.417871 0.968099
vt 0.468848 0.968099
vt 0.468848 0.952271
vt 0.417871 0.952271
vt 0.468848 0.936442
vt 0.417871 0.936442
vt 0.468848 0.920614
vt 0.417871 0.920614
vt 0.468848 0.904785
vt 0.417871 0.904785
vt 0.468848 0.888957
vt 0.417871 0.888957
vt 0.468848 0.873128
vt 0.417871 0.873128
vt 0.468848 0.857300
vt 0.417871 0.857300
vt 0.468848 0.841471
vt 0.417871 0.841471
vt 0.468848 0.825643
vt 0.417871 0.825643
vt 0.468848 0.809814
vt 0.417871 0.809814
vt 0.468848 0.793986
vt 0.417871 0.793986
vt 0.468848 0.778158
vt 0.417871 0.778158
vt 0.468848 0.762329
vt 0.417871 0.762329
vt 0.468848 0.746501
vt 0.417871 0.746501
vt 0.468848 0.730672
vt 0.417871 0.730672
vt 0.468848 0.714844
vt 0.417871 0.714844
vt 0.451855 0.968099
vt 0.502832 0.968099
vt 0.502832 0.952271
vt 0.451855 0.952271
vt 0.502832 0.936442
vt 0.451855 0.936442
vt 0.502832 0.920614
vt 0.451855 0.920614
vt 0.502832 0.904785
vt 0.451855 0.904785
vt 0.502832 0.888957
vt 0.451855 0.888957
vt 0.502832 0.873128
vt 0.451855 0.873128
vt 0.502832 0.857300
vt 0.451855 0.857300
vt 0.502832 0.841471
vt 0.451855 0.841471
vt 0.502832 0.825643
vt 0.451855 0.825643
vt 0.502832 0.809814
vt 0.451855 0.809814
vt 0.502832 0.793986
vt 0.451855 0.793986
vt 0.502832 0.778158
vt 0.451855 0.778158
vt 0.502832 0.762329
vt 0.451855 0.762329
vt 0.502832 0.746501
vt 0.451855 0.746501
vt 0.502832 0.730672
vt 0.451855 0.730672
vt 0.502832 0.714844
vt 0.451855 0.714844
vt 0.485840 0.968099
vt 0.536816 0.968099
vt 0.536816 0.952271
vt 0.485840 0.952271
vt 0.536816 0.936442
vt 0.485840 0.936442
vt 0.536816 0.920614
vt 0.485840 0.920614
vt 0.536816 0.904785
vt 0.485840 0.904785
vt 0.536816 0.888957
vt 0.485840 0.888957
vt 0.536816 0.873128
vt 0.485840 0.873128
vt 0.536816 0.857300
vt 0.485840 0.857300
vt 0.536816 0.841471
vt 0.485840 0.841471
vt 0.536816 0.825643
vt 0.485840 0.825643
vt 0.536816 0.809814
vt 0.485840 0.809814
vt 0.536816 0.793986
vt 0.485840 0.793986
vt 0.536816 0.778158
vt 0.485840 0.778158
vt 0.536816 0.762329
vt 0.485840 0.762329
vt 0.536816 0.746501
vt 0.485840 0.746501
vt 0.536816 0.730672
vt 0.485840 0.730672
vt 0.536816 0.714844
vt 0.485840 0.714844
vt 0.519824 0.968099
vt 0.570801 0.968099
vt 0.570801 0.952271
vt 0.519824 0.952271
vt 0.570801 0.936442
vt 0.519824 0.936442
vt 0.570801 0.920614
vt 0.519824 0.920614
vt 0.570801 0.904785
vt 0.519824 0.904785
vt 0.570801 0.888957
vt 0.519824 0.888957
vt 0.570801 0.873128
vt 0.519824 0.873128
vt 0.570801 0.857300
vt 0.519824 0.857300
vt 0.570801 0.841471
vt 0.519824 0.841471
vt 0.570801 0.825643
vt 0.519824 0.825643
vt 0.570801 0.809814
vt 0.519824 0.809814
vt 0.570801 0.793986
vt 0.519824 0.793986
vt 0.570801 0.778158
vt 0.519824 0.778158
vt 0.570801 0.762329
vt 0.519824 0.762329
vt 0.570801 0.746501
vt 0.519824 0.746501
vt 0.570801 0.730672
vt 0.519824 0.730672
vt 0.570801 0.714844
vt 0.519824 0.714844
vt 0.553809 0.968099
vt 0.604785 0.968099
vt 0.604785 0.952271
vt 0.553809 0.952271
vt 0.604785 0.936442
vt 0.553809 0.936442
vt 0.604785 0.920614
vt 0.553809 0.920614
vt 0.604785 0.904785
vt 0.553809 0.904785
vt 0.604785 0.888957
vt 0.553809 0.888957
vt 0.604785 0.873128
vt 0.553809 0.873128
vt 0.604785 0.857300
vt 0.553809 0.857300
vt 0.604785 0.841471
vt 0.553809 0.841471
vt 0.604785 0.825643
vt 0.553809 0.825643
vt 0.604785 0.809814
vt 0.553809 0.809814
vt 0.604785 0.793986
vt 0.553809 0.793986
vt 0.604785 0.778158
vt 0.553809 0.778158
vt 0.604785 0.762329
vt 0.553809 0.762329
vt 0.604785 0.746501
vt 0.553809 0.746501
vt 0.604785 0.730672
vt 0.553809 0.730672
vt 0.604785 0.714844
vt 0.553809 0.714844
vt 0.587793 0.968099
vt 0.638770 0.968099
vt 0.638770 0.952271
vt 0.587793 0.952271
vt 0.638770 0.936442
vt 0.587793 0.936442
vt 0.638770 0.920614
vt 0.587793 0.920614
vt 0.638770 0.904785
vt 0.587793 0.904785
vt 0.638770 0.888957
vt 0.587793 0.888957
vt 0.638770 0.873128
vt 0.587793 0.873128
vt 0.638770 0.857300
vt 0.587793 0.857300
vt 0.638770 0.841471
vt 0.587793 0.841471
vt 0.638770 0.825643
vt 0.587793 0.825643
vt 0.638770 0.809814
vt 0.587793 0.809814
vt 0.638770 0.793986
vt 0.587793 0.793986
vt 0.638770 0.778158
vt 0.587793 0.778158
vt 0.638770 0.762329
vt 0.587793 0.762329
vt 0.638770 0.746501
vt 0.587793 0.746501
vt 0.638770 0.730672
vt 0.587793 0.730672
vt 0.638770 0.714844
vt 0.587793 0.714844
vt 0.621777 0.968099
vt 0.672754 0.968099
vt 0.672754 0.952271
vt 0.621777 0.952271
vt 0.672754 0.936442
vt 0.621777 0.936442
vt 0.672754 0.920614
vt 0.621777 0.920614
vt 0.672754 0.904785
vt 0.621777 0.904785
vt 0.672754 0.888957
vt 0.621777 0.888957
vt 0.672754 0.873128
vt 0.621777 0.873128
vt 0.672754 0.857300
vt 0.621777 0.857300
vt 0.672754 0.841471
vt 0.621777 0.841471
vt 0.672754 0.825643
vt 0.621777 0.825643
vt 0.672754 0.809814
vt 0.621777 0.809814
vt 0.672754 0.793986
vt 0.621777 0.793986
vt 0.672754 0.778158
vt 0.621777 0.778158
vt 0.672754 0.762329
vt 0.621777 0.762329
vt 0.672754 0.746501
vt 0.621777 0.746501
vt 0.672754 0.730672
vt 0.621777 0.730672
vt 0.672754 0.714844
vt 0.621777 0.714844
vt 0.655762 0.968099
vt 0.698242 0.968099
vt 0.698242 0.952271
vt 0.655762 0.952271
vt 0.698242 0.936442
vt 0.655762 0.936442
vt 0.698242 0.920614
vt 0.655762 0.920614
vt 0.698242 0.904785
vt 0.655762 0.904785
vt 0.698242 0.888957
vt 0.655762 0.888957
vt 0.698242 0.873128
vt 0.655762 0.873128
vt 0.698242 0.857300
vt 0.655762 0.857300
vt 0.698242 0.841471
vt 0.655762 0.841471
vt 0.698242 0.825643
vt 0.655762 0.825643
vt 0.698242 0.809814
vt 0.655762 0.809814
vt 0.698242 0.793986
vt 0.655762 0.793986
vt 0.698242 0.778158
vt 0.655762 0.778158
vt 0.698242 0.762329
vt 0.655762 0.762329
vt 0.698242 0.746501
vt 0.655762 0.746501
vt 0.698242 0.730672
vt 0.655762 0.730672
vt 0.698242 0.714844
vt 0.655762 0.714844
s 1
usemtl bangs_alpha
f 2228/2228/217 2229/2229/217 2231/2230/219 2230/2231/218
f 2230/2231/218 2231/2230/219 2233/2232/221 2232/2233/220
f 2232/2233/220 2233/2232/221 2235/2234/223 2234/2235/222
f 2234/2235/222 2235/2234/223 2237/2236/225 2236/2237/224
f 2236/2237/224 2237/2236/225 2239/2238/227 2238/2239/226
f 2238/2239/226 2239/2238/227 2241/2240/229 2240/2241/228
f 2240/2241/228 2241/2240/229 2243/2242/231 2242/2243/230
f 2242/2243/230 2243/2242/231 2245/2244/232 2244/2245/232
f 2244/2245/232 2245/2244/232 2247/2246/234 2246/2247/233
f 2246/2247/233 2247/2246/234 2249/2248/236 2248/2249/235
f 2248/2249/235 2249/2248/236 2251/2250/238 2250/2251/237
f 2250/2251/237 2251/2250/238 2253/2252/240 2252/2253/239
f 2252/2253/239 2253/2252/240 2255/2254/242 2254/2255/241
f 2254/2255/241 2255/2254/242 2257/2256/244 2256/2257/243
f 2256/2257/243 2257/2256/244 2259/2258/246 2258/2259/245
f 2258/2259/245 2259/2258/246 2261/2260/247 2260/2261/247
f 2262/2262/217 2263/2263/217 2265/2264/219 2264/2265/218
f 2264/2265/218 2265/2264/219 2267/2266/221 2266/2267/220
f 2266/2267/220 2267/2266/221 2269/2268/248 2268/2269/222
f 2268/2269/222 2269/2268/248 2271/2270/225 2270/2271/224
f 2270/2271/224 2271/2270/225 2273/2272/227 2272/2273/226
f 2272/2273/226 2273/2272/227 2275/2274/249 2274/2275/228
f 2274/2275/228 2275/2274/249 2277/2276/231 2276/2277/230
f 2276/2277/230 2277/2276/231 2279/2278/232 2278/2279/232
f 2278/2279/232 2279/2278/232 2281/2280/234 2280/2281/233
f 2280/2281/233 2281/2280/234 2283/2282/250 2282/2283/235
f 2282/2283/235 2283/2282/250 2285/2284/238 2284/2285/237
f 2284/2285/237 2285/2284/238 2287/2286/240 2286/2287/239
f 2286/2287/239 2287/2286/240 2289/2288/251 2288/2289/241
f 2288/2289/241 2289/2288/251 2291/2290/244 2290/2291/243
f 2290/2291/243 2291/2290/244 2293/2292/246 2292/2293/245
f 2292/2293/245 2293/2292/246 2295/2294/247 2294/2295/247
f 2296/2296/217 2297/2297/217 2299/2298/219 2298/2299/218
f 2298/2299/218 2299/2298/219 2301/2300/221 2300/2301/220
f 2300/2301/220 2301/2300/221 2303/2302/248 2302/2303/222
f 2302/2303/222 2303/2302/248 2305/2304/225 2304/2305/224
f 2304/2305/224 2305/2304/225 2307/2306/227 2306/2307/252
f 2306/2307/252 2307/2306/227 2309/2308/249 2308/2309/228
f 2308/2309/228 2309/2308/249 2311/2310/231 2310/2311/230
f 2310/2311/230 2311/2310/231 2313/2312/232 2312/2313/232
f 2312/2313/232 2313/2312/232 2315/2314/234 2314/2315/233
f 2314/2315/233 2315/2314/234 2317/2316/250 2316/2317/235
f 2316/2317/235 2317/2316/250 2319/2318/238 2318/2319/253
f 2318/2319/253 2319/2318/238 2321/2320/240 2320/2321/239
f 2320/2321/239 2321/2320/240 2323/2322/251 2322/2323/241
f 2322/2323/241 2323/2322/251 2325/2324/244 2324/2325/243
f 2324/2325/243 2325/2324/244 2327/2326/246 2326/2327/245
f 2326/2327/245 2327/2326/246 2329/2328/247 2328/2329/247
f 2330/2330/217 2331/2331/217 2333/2332/219 2332/2333/219
f 2332/2333/219 2333/2332/219 2335/2334/221 2334/2335/220
f 2334/2335/220 2335/2334/221 2337/2336/248 2336/2337/222
f 2336/2337/222 2337/2336/248 2339/2338/254 2338/2339/254
f 2338/2339/254 2339/2338/254 2341/2340/227 2340/2341/252
f 2340/2341/252 2341/2340/227 2343/2342/249 2342/2343/249
f 2342/2343/249 2343/2342/249 2345/2344/231 2344/2345/230
f 2344/2345/230 2345/2344/231 2347/2346/232 2346/2347/232
f 2346/2347/232 2347/2346/232 2349/2348/234 2348/2349/233
f 2348/2349/233 2349/2348/234 2351/2350/250 2350/2351/250
f 2350/2351/250 2351/2350/250 2353/2352/238 2352/2353/253
f 2352/2353/253 2353/2352/238 2355/2354/255 2354/2355/255
f 2354/2355/255 2355/2354/255 2357/2356/251 2356/2357/241
f 2356/2357/241 2357/2356/251 2359/2358/244 2358/2359/243
f 2358/2359/243 2359/2358/244 2361/2360/246 2360/2361/246
f 2360/2361/246 2361/2360/246 2363/2362/247 2362/2363/247
f 2364/2364/217 2365/2365/217 2367/2366/219 2366/2367/219
f 2366/2367/219 2367/2366/219 2369/2368/221 2368/2369/220
f 2368/2369/220 2369/2368/221 2371/2370/248 2370/2371/222
f 2370/2371/222 2371/2370/248 2373/2372/254 2372/2373/254
f 2372/2373/254 2373/2372/254 2375/2374/252 2374/2375/252
f 2374/2375/252 2375/2374/252 2377/2376/249 2376/2377/249
f 2376/2377/249 2377/2376/249 2379/2378/231 2378/2379/230
f 2378/2379/230 2379/2378/231 2381/2380/232 2380/2381/232
f 2380/2381/232 2381/2380/232 2383/2382/234 2382/2383/233
f 2382/2383/233 2383/2382/234 2385/2384/250 2384/2385/250
f 2384/2385/250 2385/2384/250 2387/2386/253 2386/2387/253
f 2386/2387/253 2387/2386/253 2389/2388/255 2388/2389/255
f 2388/2389/255 2389/2388/255 2391/2390/251 2390/2391/241
f 2390/2391/241 2391/2390/251 2393/2392/244 2392/2393/243
f 2392/2393/243 2393/2392/244 2395/2394/246 2394/2395/246
f 2394/2395/246 2395/2394/246 2397/2396/247 2396/2397/247
f 2398/2398/217 2399/2399/217 2401/2400/219 2400/2401/219
f 2400/2401/219 2401/2400/219 2403/2402/220 2402/2403/221
f 2402/2403/221 2403/2402/220 2405/2404/222 2404/2405/248
f 2404/2405/248 2405/2404/222 2407/2406/254 2406/2407/254
f 2406/2407/254 2407/2406/254 2409/2408/252 2408/2409/252
f 2408/2409/252 2409/2408/252 2411/2410/249 2410/2411/249
f 2410/2411/249 2411/2410/249 2413/2412/230 2412/2413/231
f 2412/2413/231 2413/2412/230 2415/2414/232 2414/2415/232
f 2414/2415/232 2415/2414/232 2417/2416/233 2416/2417/234
f 2416/2417/234 2417/2416/233 2419/2418/250 2418/2419/250
f 2418/2419/250 2419/2418/250 2421/2420/253 2420/2421/253
f 2420/2421/253 2421/2420/253 2423/2422/255 2422/2423/255
f 2422/2423/255 2423/2422/255 2425/2424/241 2424/2425/251
f 2424/2425/251 2425/2424/241 2427/2426/243 2426/2427/244
f 2426/2427/244 2427/2426/243 2429/2428/246 2428/2429/246
f 2428/2429/246 2429/2428/246 2431/2430/247 2430/2431/247
f 2432/2432/217 2433/2433/217 2435/2434/219 2434/2435/219
f 2434/2435/219 2435/2434/219 2437/2436/220 2436/2437/221
f 2436/2437/221 2437/2436/220 2439/2438/222 2438/2439/248
f 2438/2439/248 2439/2438/222 2441/2440/254 2440/2441/254
f 2440/2441/254 2441/2440/254 2443/2442/252 2442/2443/227
f 2442/2443/227 2443/2442/252 2445/2444/249 2444/2445/249
f 2444/2445/249 2445/2444/249 2447/2446/230 2446/2447/231
f 2446/2447/231 2447/2446/230 2449/2448/232 2448/2449/232
f 2448/2449/232 2449/2448/232 2451/2450/233 2450/2451/234
f 2450/2451/234 2451/2450/233 2453/2452/250 2452/2453/250
f 2452/2453/250 2453/2452/250 2455/2454/253 2454/2455/238
f 2454/2455/238 2455/2454/253 2457/2456/255 2456/2457/255
f 2456/2457/255 2457/2456/255 2459/2458/241 2458/2459/251
f 2458/2459/251 2459/2458/241 2461/2460/243 2460/2461/244
f 2460/2461/244 2461/2460/243 2463/2462/246 2462/2463/246
f 2462/2463/246 2463/2462/246 2465/2464/247 2464/2465/247
f 2466/2466/217 2467/2467/217 2469/2468/218 2468/2469/219
f 2468/2469/219 2469/2468/218 2471/2470/220 2470/2471/221
f 2470/2471/221 2471/2470/220 2473/2472/222 2472/2473/248
f 2472/2473/248 2473/2472/222 2475/2474/224 2474/2475/225
f 2474/2475/225 2475/2474/224 2477/2476/252 2476/2477/227
f 2476/2477/227 2477/2476/252 2479/2478/228 2478/2479/249
f 2478/2479/249 2479/2478/228 2481/2480/230 2480/2481/231
f 2480/2481/231 2481/2480/230 2483/2482/232 2482/2483/232
f 2482/2483/232 2483/2482/232 2485/2484/233 2484/2485/234
f 2484/2485/234 2485/2484/233 2487/2486/235 2486/2487/250
f 2486/2487/250 2487/2486/235 2489/2488/253 2488/2489/238
f 2488/2489/238 2489/2488/253 2491/2490/239 2490/2491/240
f 2490/2491/240 2491/2490/239 2493/2492/241 2492/2493/251
f 2492/2493/251 2493/2492/241 2495/2494/243 2494/2495/244
f 2494/2495/244 2495/2494/243 2497/2496/245 2496/2497/246
f 2496/2497/246 2497/2496/245 2499/2498/247 2498/2499/247
f 2500/2500/217 2501/2501/217 2503/2502/218 2502/2503/219
f 2502/2503/219 2503/2502/218 2505/2504/220 2504/2505/221
f 2504/2505/221 2505/2504/220 2507/2506/222 2506/2507/248
f 2506/2507/248 2507/2506/222 2509/2508/224 2508/2509/225
f 2508/2509/225 2509/2508/224 2511/2510/226 2510/2511/227
f 2510/2511/227 2511/2510/226 2513/2512/228 2512/2513/249
f 2512/2513/249 2513/2512/228 2515/2514/230 2514/2515/231
f 2514/2515/231 2515/2514/230 2517/2516/232 2516/2517/232
f 2516/2517/232 2517/2516/232 2519/2518/233 2518/2519/234
f 2518/2519/234 2519/2518/233 2521/2520/235 2520/2521/250
f 2520/2521/250 2521/2520/235 2523/2522/237 2522/2523/238
f 2522/2523/238 2523/2522/237 2525/2524/239 2524/2525/240
f 2524/2525/240 2525/2524/239 2527/2526/241 2526/2527/251
f 2526/2527/251 2527/2526/241 2529/2528/243 2528/2529/244
f 2528/2529/244 2529/2528/243 2531/2530/245 2530/2531/246
f 2530/2531/246 2531/2530/245 2533/2532/247 2532/2533/247
f 2534/2534/217 2535/2535/217 2537/2536/218 2536/2537/219
f 2536/2537/219 2537/2536/218 2539/2538/220 2538/2539/221
f 2538/2539/221 2539/2538/220 2541/2540/222 2540/2541/223
f 2540/2541/223 2541/2540/222 2543/2542/224 2542/2543/225
f 2542/2543/225 2543/2542/224 2545/2544/226 2544/2545/227
f 2544/2545/227 2545/2544/226 2547/2546/228 2546/2547/229
f 2546/2547/229 2547/2546/228 2549/2548/230 2548/2549/231
f 2548/2549/231 2549/2548/230 2551/2550/232 2550/2551/232
f 2550/2551/232 2551/2550/232 2553/2552/233 2552/2553/234
f 2552/2553/234 2553/2552/233 2555/2554/235 2554/2555/236
f 2554/2555/236 2555/2554/235 2557/2556/237 2556/2557/238
f 2556/2557/238 2557/2556/237 2559/2558/239 2558/2559/240
f 2558/2559/240 2559/2558/239 2561/2560/241 2560/2561/242
f 2560/2561/242 2561/2560/241 2563/2562/243 2562/2563/244
f 2562/2563/244 2563/2562/243 2565/2564/245 2564/2565/246
f 2564/2565/246 2565/2564/245 2567/2566/247 2566/2567/247
o weapon
v -2.112500 3.870833 -0.920000
v -1.733333 3.870833 -0.920000
v -1.354167 3.870833 -0.920000
v -0.975000 3.870833 -0.920000
v -0.595833 3.870833 -0.920000
v -2.112500 3.723438 -0.920000
v -1.733333 3.723438 -0.920000
v -1.354167 3.723438 -0.920000
v -0.975000 3.723438 -0.920000
v -0.595833 3.723438 -0.920000
v -2.112500 3.576042 -0.920000
v -1.733333 3.576042 -0.920000
v -1.354167 3.576042 -0.920000
v -0.975000 3.576042 -0.920000
v -0.595833 3.576042 -0.920000
v -2.112500 3.428646 -0.920000
v -1.733333 3.428646 -0.920000
v -1.354167 3.428646 -0.920000
v -0.975000 3.428646 -0.920000
v -0.595833 3.428646 -0.920000
v -2.112500 3.281250 -0.920000
v -1.733333 3.281250 -0.920000
v -1.354167 3.281250 -0.920000
v -0.975000 3.281250 -0.920000
v -0.595833 3.281250 -0.920000
v -2.112500 3.133854 -0.920000
v -1.733333 3.133854 -0.920000
v -1.354167 3.133854 -0.920000
v -0.975000 3.133854 -0.920000
v -0.595833 3.133854 -0.920000
v -2.112500 2.986458 -0.920000
v -1.733333 2.986458 -0.920000
v -1.354167 2.986458 -0.920000
v -0.975000 2.986458 -0.920000
v -0.595833 2.986458 -0.920000
v -2.112500 2.839062 -0.920000
v -1.733333 2.839062 -0.920000
v -1.354167 2.839062 -0.920000
v -0.975000 2.839062 -0.920000
v -0.595833 2.839062 -0.920000
v -2.112500 2.691667 -0.920000
v -1.733333 2.691667 -0.920000
v -1.354167 2.691667 -0.920000
v -0.975000 2.691667 -0.920000
v -0.595833 2.691667 -0.920000
v -2.112500 2.544271 -0.920000
v -1.733333 2.544271 -0.920000
v -1.354167 2.544271 -0.920000
v -0.975000 2.544271 -0.920000
v -0.595833 2.544271 -0.920000
v -2.112500 2.396875 -0.920000
v -1.733333 2.396875 -0.920000
v -1.354167 2.396875 -0.920000
v -0.975000 2.396875 -0.920000
v -0.595833 2.396875 -0.920000
v -2.112500 2.249479 -0.920000
v -1.733333 2.249479 -0.920000
v -1.354167 2.249479 -0.920000
v -0.975000 2.249479 -0.920000
v -0.595833 2.249479 -0.920000
v -2.112500 2.102083 -0.920000
v -1.733333 2.102083 -0.920000
v -1.354167 2.102083 -0.920000
v -0.975000 2.102083 -0.920000
v -0.595833 2.102083 -0.920000
v -2.112500 1.954687 -0.920000
v -1.733333 1.954687 -0.920000
v -1.354167 1.954687 -0.920000
v -0.975000 1.954687 -0.920000
v -0.595833 1.954687 -0.920000
v -2.112500 1.807292 -0.920000
v -1.733333 1.807292 -0.920000
v -1.354167 1.807292 -0.920000
v -0.975000 1.807292 -0.920000
v -0.595833 1.807292 -0.920000
v -2.112500 1.659896 -0.920000
v -1.733333 1.659896 -0.920000
v -1.354167 1.659896 -0.920000
v -0.975000 1.659896 -0.920000
v -0.595833 1.659896 -0.920000
v -2.112500 1.512500 -0.920000
v -1.733333 1.512500 -0.920000
v -1.354167 1.512500 -0.920000
v -0.975000 1.512500 -0.920000
v -0.595833 1.512500 -0.920000
v -2.112500 1.365104 -0.920000
v -1.733333 1.365104 -0.920000
v -1.354167 1.365104 -0.920000
v -0.975000 1.365104 -0.920000
v -0.595833 1.365104 -0.920000
v -2.112500 1.217708 -0.920000
v -1.733333 1.217708 -0.920000
v -1.354167 1.217708 -0.920000
v -0.975000 1.217708 -0.920000
v -0.595833 1.217708 -0.920000
v -2.112500 1.070312 -0.920000
v -1.733333 1.070312 -0.920000
v -1.354167 1.070312 -0.920000
v -0.975000 1.070312 -0.920000
v -0.595833 1.070312 -0.920000
v -2.112500 0.922917 -0.920000
v -1.733333 0.922917 -0.920000
v -1.354167 0.922917 -0.920000
v -0.975000 0.922917 -0.920000
v -0.595833 0.922917 -0.920000
v -2.112500 0.775521 -0.920000
v -1.733333 0.775521 -0.920000
v -1.354167 0.775521 -0.920000
v -0.975000 0.775521 -0.920000
v -0.595833 0.775521 -0.920000
v -2.112500 0.628125 -0.920000
v -1.733333 0.628125 -0.920000
v -1.354167 0.628125 -0.920000
v -0.975000 0.628125 -0.920000
v -0.595833 0.628125 -0.920000
v -2.112500 0.480729 -0.920000
v -1.733333 0.480729 -0.920000
v -1.354167 0.480729 -0.920000
v -0.975000 0.480729 -0.920000
v -0.595833 0.480729 -0.920000
v -2.112500 0.333333 -0.920000
v -1.733333 0.333333 -0.920000
v -1.354167 0.333333 -0.920000
v -0.975000 0.333333 -0.920000
v -0.595833 0.333333 -0.920000
vn -0.0000 -0.0000 -1.0000
vt 0.004883 0.604818
vt 0.093750 0.604818
vt 0.093750 0.581787
vt 0.004883 0.581787
vt 0.182617 0.604818
vt 0.182617 0.581787
vt 0.271484 0.604818
vt 0.271484 0.581787
vt 0.360352 0.604818
vt 0.360352 0.581787
vt 0.093750 0.558757
vt 0.004883 0.558757
vt 0.182617 0.558757
vt 0.271484 0.558757
vt 0.360352 0.558757
vt 0.093750 0.535726
vt 0.004883 0.535726
vt 0.182617 0.535726
vt 0.271484 0.535726
vt 0.360352 0.535726
vt 0.093750 0.512695
vt 0.004883 0.512695
vt 0.182617 0.512695
vt 0.271484 0.512695
vt 0.360352 0.512695
vt 0.093750 0.489665
vt 0.004883 0.489665
vt 0.182617 0.489665
vt 0.271484 0.489665
vt 0.360352 0.489665
vt 0.093750 0.466634
vt 0.004883 0.466634
vt 0.182617 0.466634
vt 0.271484 0.466634
vt 0.360352 0.466634
vt 0.093750 0.443604
vt 0.004883 0.443604
vt 0.182617 0.443604
vt 0.271484 0.443604
vt 0.360352 0.443604
vt 0.093750 0.420573
vt 0.004883 0.420573
vt 0.182617 0.420573
vt 0.271484 0.420573
vt 0.360352 0.420573
vt 0.093750 0.397542
vt 0.004883 0.397542
vt 0.182617 0.397542
vt 0.271484 0.397542
vt 0.360352 0.397542
vt 0.093750 0.374512
vt 0.004883 0.374512
vt 0.182617 0.374512
vt 0.271484 0.374512
vt 0.360352 0.374512
vt 0.093750 0.351481
vt 0.004883 0.351481
vt 0.182617 0.351481
vt 0.271484 0.351481
vt 0.360352 0.351481
vt 0.093750 0.328451
vt 0.004883 0.328451
vt 0.182617 0.328451
vt 0.271484 0.328451
vt 0.360352 0.328451
vt 0.093750 0.305420
vt 0.004883 0.305420
vt 0.182617 0.305420
vt 0.271484 0.305420
vt 0.360352 0.305420
vt 0.093750 0.282389
vt 0.004883 0.282389
vt 0.182617 0.282389
vt 0.271484 0.282389
vt 0.360352 0.282389
vt 0.093750 0.259359
vt 0.004883 0.259359
vt 0.182617 0.259359
vt 0.271484 0.259359
vt 0.360352 0.259359
vt 0.093750 0.236328
vt 0.004883 0.236328
vt 0.182617 0.236328
vt 0.271484 0.236328
vt 0.360352 0.236328
vt 0.093750 0.213298
vt 0.004883 0.213298
vt 0.182617 0.213298
vt 0.271484 0.213298
vt 0.360352 0.213298
vt 0.093750 0.190267
vt 0.004883 0.190267
vt 0.182617 0.190267
vt 0.271484 0.190267
vt 0.360352 0.190267
vt 0.093750 0.167236
vt 0.004883 0.167236
vt 0.182617 0.167236
vt 0.271484 0.167236
vt 0.360352 0.167236
vt 0.093750 0.144206
vt 0.004883 0.144206
vt 0.182617 0.144206
vt 0.271484 0.144206
vt 0.360352 0.144206
vt 0.093750 0.121175
vt 0.004883 0.121175
vt 0.182617 0.121175
vt 0.271484 0.121175
vt 0.360352 0.121175
vt 0.093750 0.098145
vt 0.004883 0.098145
vt 0.182617 0.098145
vt 0.271484 0.098145
vt 0.360352 0.098145
vt 0.093750 0.075114
vt 0.004883 0.075114
vt 0.182617 0.075114
vt 0.271484 0.075114
vt 0.360352 0.075114
vt 0.093750 0.052083
vt 0.004883 0.052083
vt 0.182617 0.052083
vt 0.271484 0.052083
vt 0.360352 0.052083
s 1
usemtl weapon_alpha
f 2568/2568/256 2569/2569/256 2574/2570/256 2573/2571/256
f 2569/2569/256 2570/2572/256 2575/2573/256 2574/2570/256
f 2570/2572/256 2571/2574/256 2576/2575/256 2575/2573/256
f 2571/2574/256 2572/2576/256 2577/2577/256 2576/2575/256
f 2573/2571/256 2574/2570/256 2579/2578/256 2578/2579/256
f 2574/2570/256 2575/2573/256 2580/2580/256 2579/2578/256
f 2575/2573/256 2576/2575/256 2581/2581/256 2580/2580/256
f 2576/2575/256 2577/2577/256 2582/2582/256 2581/2581/256
f 2578/2579/256 2579/2578/256 2584/2583/256 2583/2584/256
f 2579/2578/256 2580/2580/256 2585/2585/256 2584/2583/256
f 2580/2580/256 2581/2581/256 2586/2586/256 2585/2585/256
f 2581/2581/256 2582/2582/256 2587/2587/256 2586/2586/256
f 2583/2584/256 2584/2583/256 2589/2588/256 2588/2589/256
f 2584/2583/256 2585/2585/256 2590/2590/256 2589/2588/256
f 2585/2585/256 2586/2586/256 2591/2591/256 2590/2590/256
f 2586/2586/256 2587/2587/256 2592/2592/256 2591/2591/256
f 2588/2589/256 2589/2588/256 2594/2593/256 2593/2594/256
f 2589/2588/256 2590/2590/256 2595/2595/256 2594/2593/256
f 2590/2590/256 2591/2591/256 2596/2596/256 2595/2595/256
f 2591/2591/256 2592/2592/256 2597/2597/256 2596/2596/256
f 2593/2594/256 2594/2593/256 2599/2598/256 2598/2599/256
f 2594/2593/256 2595/2595/256 2600/2600/256 2599/2598/256
f 2595/2595/256 2596/2596/256 2601/2601/256 2600/2600/256
f 2596/2596/256 2597/2597/256 2602/2602/256 2601/2601/256
f 2598/2599/256 2599/2598/256 2604/2603/256 2603/2604/256
f 2599/2598/256 2600/2600/256 2605/2605/256 2604/2603/256
f 2600/2600/256 2601/2601/256 2606/2606/256 2605/2605/256
f 2601/2601/256 2602/2602/256 2607/2607/256 2606/2606/256
f 2603/2604/256 2604/2603/256 2609/2608/256 2608/2609/256
f 2604/2603/256 2605/2605/256 2610/2610/256 2609/2608/256
f 2605/2605/256 2606/2606/256 2611/2611/256 2610/2610/256
f 2606/2606/256 2607/2607/256 2612/2612/256 2611/2611/256
f 2608/2609/256 2609/2608/256 2614/2613/256 2613/2614/256
f 2609/2608/256 2610/2610/256 2615/2615/256 2614/2613/256
f 2610/2610/256 2611/2611/256 2616/2616/256 2615/2615/256
f 2611/2611/256 2612/2612/256 2617/2617/256 2616/2616/256
f 2613/2614/256 2614/2613/256 2619/2618/256 2618/2619/256
f 2614/2613/256 2615/2615/256 2620/2620/256 2619/2618/256
f 2615/2615/256 2616/2616/256 2621/2621/256 2620/2620/256
f 2616/2616/256 2617/2617/256 2622/2622/256 2621/2621/256
f 2618/2619/256 2619/2618/256 2624/2623/256 2623/2624/256
f 2619/2618/256 2620/2620/256 2625/2625/256 2624/2623/256
f 2620/2620/256 2621/2621/256 2626/2626/256 2625/2625/256
f 2621/2621/256 2622/2622/256 2627/2627/256 2626/2626/256
f 2623/2624/256 2624/2623/256 2629/2628/256 2628/2629/256
f 2624/2623/256 2625/2625/256 2630/2630/256 2629/2628/256
f 2625/2625/256 2626/2626/256 2631/2631/256 2630/2630/256
f 2626/2626/256 2627/2627/256 2632/2632/256 2631/2631/256
f 2628/2629/256 2629/2628/256 2634/2633/256 2633/2634/256
f 2629/2628/256 2630/2630/256 2635/2635/256 2634/2633/256
f 2630/2630/256 2631/2631/256 2636/2636/256 2635/2635/256
f 2631/2631/256 2632/2632/256 2637/2637/256 2636/2636/256
f 2633/2634/256 2634/2633/256 2639/2638/256 2638/2639/256
f 2634/2633/256 2635/2635/256 2640/2640/256 2639/2638/256
f 2635/2635/256 2636/2636/256 2641/2641/256 2640/2640/256
f 2636/2636/256 2637/2637/256 2642/2642/256 2641/2641/256
f 2638/2639/256 2639/2638/256 2644/2643/256 2643/2644/256
f 2639/2638/256 2640/2640/256 2645/2645/256 2644/2643/256
f 2640/2640/256 2641/2641/256 2646/2646/256 2645/2645/256
f 2641/2641/256 2642/2642/256 2647/2647/256 2646/2646/256
f 2643/2644/256 2644/2643/256 2649/2648/256 2648/2649/256
f 2644/2643/256 2645/2645/256 2650/2650/256 2649/2648/256
f 2645/2645/256 2646/2646/256 2651/2651/256 2650/2650/256
f 2646/2646/256 2647/2647/256 2652/2652/256 2651/2651/256
f 2648/2649/256 2649/2648/256 2654/2653/256 2653/2654/256
f 2649/2648/256 2650/2650/256 2655/2655/256 2654/2653/256
f 2650/2650/256 2651/2651/256 2656/2656/256 2655/2655/256
f 2651/2651/256 2652/2652/256 2657/2657/256 2656/2656/256
f 2653/2654/256 2654/2653/256 2659/2658/256 2658/2659/256
f 2654/2653/256 2655/2655/256 2660/2660/256 2659/2658/256
f 2655/2655/256 2656/2656/256 2661/2661/256 2660/2660/256
f 2656/2656/256 2657/2657/256 2662/2662/256 2661/2661/256
f 2658/2659/256 2659/2658/256 2664/2663/256 2663/2664/256
f 2659/2658/256 2660/2660/256 2665/2665/256 2664/2663/256
f 2660/2660/256 2661/2661/256 2666/2666/256 2665/2665/256
f 2661/2661/256 2662/2662/256 2667/2667/256 2666/2666/256
f 2663/2664/256 2664/2663/256 2669/2668/256 2668/2669/256
f 2664/2663/256 2665/2665/256 2670/2670/256 2669/2668/256
f 2665/2665/256 2666/2666/256 2671/2671/256 2670/2670/256
f 2666/2666/256 2667/2667/256 2672/2672/256 2671/2671/256
f 2668/2669/256 2669/2668/256 2674/2673/256 2673/2674/256
f 2669/2668/256 2670/2670/256 2675/2675/256 2674/2673/256
f 2670/2670/256 2671/2671/256 2676/2676/256 2675/2675/256
f 2671/2671/256 2672/2672/256 2677/2677/256 2676/2676/256
f 2673/2674/256 2674/2673/256 2679/2678/256 2678/2679/256
f 2674/2673/256 2675/2675/256 2680/2680/256 2679/2678/256
f 2675/2675/256 2676/2676/256 2681/2681/256 2680/2680/256
f 2676/2676/256 2677/2677/256 2682/2682/256 2681/2681/256
f 2678/2679/256 2679/2678/256 2684/2683/256 2683/2684/256
f 2679/2678/256 2680/2680/256 2685/2685/256 2684/2683/256
f 2680/2680/256 2681/2681/256 2686/2686/256 2685/2685/256
f 2681/2681/256 2682/2682/256 2687/2687/256 2686/2686/256
f 2683/2684/256 2684/2683/256 2689/2688/256 2688/2689/256
f 2684/2683/256 2685/2685/256 2690/2690/256 2689/2688/256
f 2685/2685/256 2686/2686/256 2691/2691/256 2690/2690/256
f 2686/2686/256 2687/2687/256 2692/2692/256 2691/2691/256
o leg_L_visual_panel
v -0.345000 3.200000 -0.320000
v -0.248333 3.200000 -0.332000
v -0.151667 3.200000 -0.332000
v -0.055000 3.200000 -0.320000
v -0.350376 3.099091 -0.320000
v -0.255831 3.099091 -0.332000
v -0.161285 3.099091 -0.332000
v -0.066740 3.099091 -0.320000
v -0.355680 2.998182 -0.320000
v -0.263255 2.998182 -0.332000
v -0.170831 2.998182 -0.332000
v -0.078407 2.998182 -0.320000
v -0.360840 2.897273 -0.320000
v -0.270537 2.897273 -0.332000
v -0.180234 2.897273 -0.332000
v -0.089931 2.897273 -0.320000
v -0.365789 2.796364 -0.320000
v -0.277607 2.796364 -0.332000
v -0.189425 2.796364 -0.332000
v -0.101243 2.796364 -0.320000
v -0.370462 2.695455 -0.320000
v -0.284402 2.695455 -0.332000
v -0.198341 2.695455 -0.332000
v -0.112281 2.695455 -0.320000
v -0.374803 2.594545 -0.320000
v -0.290863 2.594545 -0.332000
v -0.206924 2.594545 -0.332000
v -0.122985 2.594545 -0.320000
v -0.378759 2.493636 -0.320000
v -0.296940 2.493636 -0.332000
v -0.215122 2.493636 -0.332000
v -0.133304 2.493636 -0.320000
v -0.382286 2.392727 -0.320000
v -0.302589 2.392727 -0.332000
v -0.222892 2.392727 -0.332000
v -0.143195 2.392727 -0.320000
v -0.385351 2.291818 -0.320000
v -0.307775 2.291818 -0.332000
v -0.230199 2.291818 -0.332000
v -0.152624 2.291818 -0.320000
v -0.387927 2.190909 -0.320000
v -0.312473 2.190909 -0.332000
v -0.237018 2.190909 -0.332000
v -0.161564 2.190909 -0.320000
v -0.390000 2.090000 -0.320000
v -0.316667 2.090000 -0.332000
v -0.243333 2.090000 -0.332000
v -0.170000 2.090000 -0.320000
v -0.391564 1.989091 -0.320000
v -0.320352 1.989091 -0.332000
v -0.249139 1.989091 -0.332000
v -0.177927 1.989091 -0.320000
v -0.392624 1.888182 -0.320000
v -0.323533 1.888182 -0.332000
v -0.254442 1.888182 -0.332000
v -0.185351 1.888182 -0.320000
v -0.393195 1.787273 -0.320000
v -0.326226 1.787273 -0.332000
v -0.259256 1.787273 -0.332000
v -0.192286 1.787273 -0.320000
v -0.393304 1.686364 -0.320000
v -0.328456 1.686364 -0.332000
v -0.263607 1.686364 -0.332000
v -0.198759 1.686364 -0.320000
v -0.392985 1.585455 -0.320000
v -0.330257 1.585455 -0.332000
v -0.267530 1.585455 -0.332000
v -0.204803 1.585455 -0.320000
v -0.392281 1.484545 -0.320000
v -0.331675 1.484545 -0.332000
v -0.271068 1.484545 -0.332000
v -0.210462 1.484545 -0.320000
v -0.391243 1.383636 -0.320000
v -0.332758 1.383636 -0.332000
v -0.274274 1.383636 -0.332000
v -0.215789 1.383636 -0.320000
v -0.389931 1.282727 -0.320000
v -0.333567 1.282727 -0.332000
v -0.277204 1.282727 -0.332000
v -0.220840 1.282727 -0.320000
v -0.388407 1.181818 -0.320000
v -0.334165 1.181818 -0.332000
v -0.279922 1.181818 -0.332000
v -0.225680 1.181818 -0.320000
v -0.386740 1.080909 -0.320000
v -0.334618 1.080909 -0.332000
v -0.282497 1.080909 -0.332000
v -0.230376 1.080909 -0.320000
v -0.385000 0.980000 -0.320000
v -0.335000 0.980000 -0.332000
v -0.285000 0.980000 -0.332000
v -0.235000 0.980000 -0.320000
vn -0.1245 0.0079 -0.9922
vn -0.0595 0.0038 -0.9982
vn 0.0661 -0.0070 -0.9978
vn 0.1245 -0.0132 -0.9921
vn -0.1260 0.0080 -0.9920
vn -0.0631 0.0040 -0.9980
vn 0.0631 -0.0067 -0.9980
vn 0.1258 -0.0133 -0.9920
vn -0.1288 0.0080 -0.9916
vn -0.0645 0.0040 -0.9979
vn 0.0645 -0.0067 -0.9979
vn 0.1287 -0.0134 -0.9916
vn -0.1318 0.0080 -0.9912
vn -0.0660 0.0040 -0.9978
vn 0.0660 -0.0068 -0.9978
vn 0.1316 -0.0135 -0.9912
vn -0.1349 0.0078 -0.9908
vn -0.0676 0.0039 -0.9977
vn 0.0676 -0.0068 -0.9977
vn 0.1347 -0.0135 -0.9908
vn -0.1382 0.0076 -0.9904
vn -0.0693 0.0038 -0.9976
vn 0.0692 -0.0067 -0.9976
vn 0.1380 -0.0134 -0.9903
vn -0.1416 0.0073 -0.9899
vn -0.0710 0.0037 -0.9975
vn 0.0709 -0.0066 -0.9975
vn 0.1414 -0.0133 -0.9899
vn -0.1452 0.0069 -0.9894
vn -0.0728 0.0035 -0.9973
vn 0.0727 -0.0065 -0.9973
vn 0.1450 -0.0130 -0.9893
vn -0.1490 0.0064 -0.9888
vn -0.0747 0.0032 -0.9972
vn 0.0746 -0.0063 -0.9972
vn 0.1488 -0.0127 -0.9888
vn -0.1529 0.0059 -0.9882
vn -0.0768 0.0030 -0.9970
vn 0.0766 -0.0062 -0.9970
vn 0.1528 -0.0123 -0.9882
vn -0.1571 0.0053 -0.9876
vn -0.0789 0.0026 -0.9969
vn 0.0787 -0.0059 -0.9969
vn 0.1570 -0.0119 -0.9875
vn -0.1615 0.0046 -0.9869
vn -0.0811 0.0023 -0.9967
vn 0.0809 -0.0057 -0.9967
vn 0.1614 -0.0114 -0.9868
vn -0.1662 0.0039 -0.9861
vn -0.0835 0.0020 -0.9965
vn 0.0833 -0.0055 -0.9965
vn 0.1661 -0.0109 -0.9861
vn -0.1712 0.0032 -0.9852
vn -0.0860 0.0016 -0.9963
vn 0.0858 -0.0052 -0.9963
vn 0.1710 -0.0104 -0.9852
vn -0.1764 0.0024 -0.9843
vn -0.0887 0.0012 -0.9961
vn 0.0885 -0.0049 -0.9961
vn 0.1763 -0.0099 -0.9843
vn -0.1820 0.0017 -0.9833
vn -0.0915 0.0009 -0.9958
vn 0.0913 -0.0047 -0.9958
vn 0.1819 -0.0094 -0.9833
vn -0.1879 0.0010 -0.9822
vn -0.0945 0.0005 -0.9955
vn 0.0943 -0.0045 -0.9955
vn 0.1878 -0.0089 -0.9822
vn -0.1943 0.0004 -0.9809
vn -0.0977 0.0002 -0.9952
vn 0.0975 -0.0043 -0.9952
vn 0.1942 -0.0085 -0.9809
vn -0.2010 -0.0002 -0.9796
vn -0.1011 -0.0001 -0.9949
vn 0.1010 -0.0041 -0.9949
vn 0.2009 -0.0082 -0.9796
vn -0.2083 -0.0007 -0.9781
vn -0.1048 -0.0004 -0.9945
vn 0.1047 -0.0040 -0.9945
vn 0.2082 -0.0080 -0.9781
vn -0.2160 -0.0011 -0.9764
vn -0.1087 -0.0006 -0.9941
vn 0.1087 -0.0040 -0.9941
vn 0.2160 -0.0079 -0.9764
vn -0.2244 -0.0014 -0.9745
vn -0.1130 -0.0007 -0.9936
vn 0.1130 -0.0040 -0.9936
vn 0.2243 -0.0080 -0.9745
vn -0.2288 -0.0015 -0.9735
vn -0.1154 -0.0008 -0.9933
vn 0.1134 -0.0040 -0.9935
vn 0.2288 -0.0081 -0.9734
vt 0.419141 0.500000
vt 0.441797 0.500000
vt 0.440040 0.484233
vt 0.417881 0.484233
vt 0.464453 0.500000
vt 0.462199 0.484233
vt 0.487109 0.500000
vt 0.484358 0.484233
vt 0.438300 0.468466
vt 0.416638 0.468466
vt 0.459961 0.468466
vt 0.481623 0.468466
vt 0.436593 0.452699
vt 0.415428 0.452699
vt 0.457758 0.452699
vt 0.478922 0.452699
vt 0.434936 0.436932
vt 0.414268 0.436932
vt 0.455603 0.436932
vt 0.476271 0.436932
vt 0.433343 0.421165
vt 0.413173 0.421165
vt 0.453514 0.421165
vt 0.473684 0.421165
vt 0.431829 0.405398
vt 0.412156 0.405398
vt 0.451502 0.405398
vt 0.471175 0.405398
vt 0.430405 0.389631
vt 0.411228 0.389631
vt 0.449581 0.389631
vt 0.468757 0.389631
vt 0.429081 0.373864
vt 0.410402 0.373864
vt 0.447760 0.373864
vt 0.466439 0.373864
vt 0.427865 0.358097
vt 0.409683 0.358097
vt 0.446047 0.358097
vt 0.464229 0.358097
vt 0.426764 0.342330
vt 0.409080 0.342330
vt 0.444449 0.342330
vt 0.462133 0.342330
vt 0.425781 0.326562
vt 0.408594 0.326562
vt 0.442969 0.326562
vt 0.460156 0.326562
vt 0.424918 0.310795
vt 0.408227 0.310795
vt 0.441608 0.310795
vt 0.458298 0.310795
vt 0.424172 0.295028
vt 0.407979 0.295028
vt 0.440365 0.295028
vt 0.456558 0.295028
vt 0.423541 0.279261
vt 0.407845 0.279261
vt 0.439237 0.279261
vt 0.454933 0.279261
vt 0.423018 0.263494
vt 0.407819 0.263494
vt 0.438217 0.263494
vt 0.453416 0.263494
vt 0.422596 0.247727
vt 0.407894 0.247727
vt 0.437298 0.247727
vt 0.451999 0.247727
vt 0.422264 0.231960
vt 0.408059 0.231960
vt 0.436468 0.231960
vt 0.450673 0.231960
vt 0.422010 0.216193
vt 0.408302 0.216193
vt 0.435717 0.216193
vt 0.449425 0.216193
vt 0.421820 0.200426
vt 0.408610 0.200426
vt 0.435030 0.200426
vt 0.448241 0.200426
vt 0.421680 0.184659
vt 0.408967 0.184659
vt 0.434393 0.184659
vt 0.447106 0.184659
vt 0.421574 0.168892
vt 0.409358 0.168892
vt 0.433790 0.168892
vt 0.446006 0.168892
vt 0.421484 0.153125
vt 0.409766 0.153125
vt 0.433203 0.153125
vt 0.444922 0.153125
s 1
usemtl leg_L_visual_alpha
f 2693/2693/257 2694/2694/258 2698/2695/262 2697/2696/261
f 2694/2694/258 2695/2697/259 2699/2698/263 2698/2695/262
f 2695/2697/259 2696/2699/260 2700/2700/264 2699/2698/263
f 2697/2696/261 2698/2695/262 2702/2701/266 2701/2702/265
f 2698/2695/262 2699/2698/263 2703/2703/267 2702/2701/266
f 2699/2698/263 2700/2700/264 2704/2704/268 2703/2703/267
f 2701/2702/265 2702/2701/266 2706/2705/270 2705/2706/269
f 2702/2701/266 2703/2703/267 2707/2707/271 2706/2705/270
f 2703/2703/267 2704/2704/268 2708/2708/272 2707/2707/271
f 2705/2706/269 2706/2705/270 2710/2709/274 2709/2710/273
f 2706/2705/270 2707/2707/271 2711/2711/275 2710/2709/274
f 2707/2707/271 2708/2708/272 2712/2712/276 2711/2711/275
f 2709/2710/273 2710/2709/274 2714/2713/278 2713/2714/277
f 2710/2709/274 2711/2711/275 2715/2715/279 2714/2713/278
f 2711/2711/275 2712/2712/276 2716/2716/280 2715/2715/279
f 2713/2714/277 2714/2713/278 2718/2717/282 2717/2718/281
f 2714/2713/278 2715/2715/279 2719/2719/283 2718/2717/282
f 2715/2715/279 2716/2716/280 2720/2720/284 2719/2719/283
f 2717/2718/281 2718/2717/282 2722/2721/286 2721/2722/285
f 2718/2717/282 2719/2719/283 2723/2723/287 2722/2721/286
f 2719/2719/283 2720/2720/284 2724/2724/288 2723/2723/287
f 2721/2722/285 2722/2721/286 2726/2725/290 2725/2726/289
f 2722/2721/286 2723/2723/287 2727/2727/291 2726/2725/290
f 2723/2723/287 2724/2724/288 2728/2728/292 2727/2727/291
f 2725/2726/289 2726/2725/290 2730/2729/294 2729/2730/293
f 2726/2725/290 2727/2727/291 2731/2731/295 2730/2729/294
f 2727/2727/291 2728/2728/292 2732/2732/296 2731/2731/295
f 2729/2730/293 2730/2729/294 2734/2733/298 2733/2734/297
f 2730/2729/294 2731/2731/295 2735/2735/299 2734/2733/298
f 2731/2731/295 2732/2732/296 2736/2736/300 2735/2735/299
f 2733/2734/297 2734/2733/298 2738/2737/302 2737/2738/301
f 2734/2733/298 2735/2735/299 2739/2739/303 2738/2737/302
f 2735/2735/299 2736/2736/300 2740/2740/304 2739/2739/303
f 2737/2738/301 2738/2737/302 2742/2741/306 2741/2742/305
f 2738/2737/302 2739/2739/303 2743/2743/307 2742/2741/306
f 2739/2739/303 2740/2740/304 2744/2744/308 2743/2743/307
f 2741/2742/305 2742/2741/306 2746/2745/310 2745/2746/309
f 2742/2741/306 2743/2743/307 2747/2747/311 2746/2745/310
f 2743/2743/307 2744/2744/308 2748/2748/312 2747/2747/311
f 2745/2746/309 2746/2745/310 2750/2749/314 2749/2750/313
f 2746/2745/310 2747/2747/311 2751/2751/315 2750/2749/314
f 2747/2747/311 2748/2748/312 2752/2752/316 2751/2751/315
f 2749/2750/313 2750/2749/314 2754/2753/318 2753/2754/317
f 2750/2749/314 2751/2751/315 2755/2755/319 2754/2753/318
f 2751/2751/315 2752/2752/316 2756/2756/320 2755/2755/319
f 2753/2754/317 2754/2753/318 2758/2757/322 2757/2758/321
f 2754/2753/318 2755/2755/319 2759/2759/323 2758/2757/322
f 2755/2755/319 2756/2756/320 2760/2760/324 2759/2759/323
f 2757/2758/321 2758/2757/322 2762/2761/326 2761/2762/325
f 2758/2757/322 2759/2759/323 2763/2763/327 2762/2761/326
f 2759/2759/323 2760/2760/324 2764/2764/328 2763/2763/327
f 2761/2762/325 2762/2761/326 2766/2765/330 2765/2766/329
f 2762/2761/326 2763/2763/327 2767/2767/331 2766/2765/330
f 2763/2763/327 2764/2764/328 2768/2768/332 2767/2767/331
f 2765/2766/329 2766/2765/330 2770/2769/334 2769/2770/333
f 2766/2765/330 2767/2767/331 2771/2771/335 2770/2769/334
f 2767/2767/331 2768/2768/332 2772/2772/336 2771/2771/335
f 2769/2770/333 2770/2769/334 2774/2773/338 2773/2774/337
f 2770/2769/334 2771/2771/335 2775/2775/339 2774/2773/338
f 2771/2771/335 2772/2772/336 2776/2776/340 2775/2775/339
f 2773/2774/337 2774/2773/338 2778/2777/342 2777/2778/341
f 2774/2773/338 2775/2775/339 2779/2779/343 2778/2777/342
f 2775/2775/339 2776/2776/340 2780/2780/344 2779/2779/343
f 2777/2778/341 2778/2777/342 2782/2781/346 2781/2782/345
f 2778/2777/342 2779/2779/343 2783/2783/347 2782/2781/346
f 2779/2779/343 2780/2780/344 2784/2784/348 2783/2783/347
o leg_R_visual_panel
v 0.095000 3.200000 -0.300000
v 0.185000 3.200000 -0.312000
v 0.275000 3.200000 -0.312000
v 0.365000 3.200000 -0.300000
v 0.109240 3.099091 -0.300000
v 0.197270 3.099091 -0.312000
v 0.285300 3.099091 -0.312000
v 0.373331 3.099091 -0.300000
v 0.123407 2.998182 -0.300000
v 0.209468 2.998182 -0.312000
v 0.295528 2.998182 -0.312000
v 0.381589 2.998182 -0.300000
v 0.137431 2.897273 -0.300000
v 0.221522 2.897273 -0.312000
v 0.305613 2.897273 -0.312000
v 0.389704 2.897273 -0.300000
v 0.151243 2.796364 -0.300000
v 0.233365 2.796364 -0.312000
v 0.315486 2.796364 -0.312000
v 0.397607 2.796364 -0.300000
v 0.164781 2.695455 -0.300000
v 0.244932 2.695455 -0.312000
v 0.325084 2.695455 -0.312000
v 0.405235 2.695455 -0.300000
v 0.177985 2.594545 -0.300000
v 0.256166 2.594545 -0.312000
v 0.334348 2.594545 -0.312000
v 0.412530 2.594545 -0.300000
v 0.190804 2.493636 -0.300000
v 0.267016 2.493636 -0.312000
v 0.343228 2.493636 -0.312000
v 0.419440 2.493636 -0.300000
v 0.203195 2.392727 -0.300000
v 0.277438 2.392727 -0.312000
v 0.351680 2.392727 -0.312000
v 0.425923 2.392727 -0.300000
v 0.215124 2.291818 -0.300000
v 0.287396 2.291818 -0.312000
v 0.359669 2.291818 -0.312000
v 0.431942 2.291818 -0.300000
v 0.226564 2.190909 -0.300000
v 0.296867 2.190909 -0.312000
v 0.367170 2.190909 -0.312000
v 0.437473 2.190909 -0.300000
v 0.237500 2.090000 -0.300000
v 0.305833 2.090000 -0.312000
v 0.374167 2.090000 -0.312000
v 0.442500 2.090000 -0.300000
v 0.247927 1.989091 -0.300000
v 0.314291 1.989091 -0.312000
v 0.380655 1.989091 -0.312000
v 0.447018 1.989091 -0.300000
v 0.257851 1.888182 -0.300000
v 0.322245 1.888182 -0.312000
v 0.386639 1.888182 -0.312000
v 0.451033 1.888182 -0.300000
v 0.267286 1.787273 -0.300000
v 0.329710 1.787273 -0.312000
v 0.392135 1.787273 -0.312000
v 0.454559 1.787273 -0.300000
v 0.276259 1.686364 -0.300000
v 0.336713 1.686364 -0.312000
v 0.397168 1.686364 -0.312000
v 0.457622 1.686364 -0.300000
v 0.284803 1.585455 -0.300000
v 0.343288 1.585455 -0.312000
v 0.401773 1.585455 -0.312000
v 0.460257 1.585455 -0.300000
v 0.292962 1.484545 -0.300000
v 0.349478 1.484545 -0.312000
v 0.405993 1.484545 -0.312000
v 0.462508 1.484545 -0.300000
v 0.300789 1.383636 -0.300000
v 0.355334 1.383636 -0.312000
v 0.409880 1.383636 -0.312000
v 0.464425 1.383636 -0.300000
v 0.308340 1.282727 -0.300000
v 0.360916 1.282727 -0.312000
v 0.413491 1.282727 -0.312000
v 0.466067 1.282727 -0.300000
v 0.315680 1.181818 -0.300000
v 0.366286 1.181818 -0.312000
v 0.416892 1.181818 -0.312000
v 0.467498 1.181818 -0.300000
v 0.322876 1.080909 -0.300000
v 0.371512 1.080909 -0.312000
v 0.420149 1.080909 -0.312000
v 0.468785 1.080909 -0.300000
v 0.330000 0.980000 -0.300000
v 0.376667 0.980000 -0.312000
v 0.423333 0.980000 -0.312000
v 0.470000 0.980000 -0.300000
vn -0.1336 -0.0175 -0.9909
vn -0.0721 -0.0095 -0.9974
vn 0.0626 0.0058 -0.9980
vn 0.1336 0.0123 -0.9910
vn -0.1349 -0.0177 -0.9907
vn -0.0677 -0.0089 -0.9977
vn 0.0677 0.0062 -0.9977
vn 0.1352 0.0124 -0.9907
vn -0.1380 -0.0179 -0.9903
vn -0.0692 -0.0090 -0.9976
vn 0.0692 0.0063 -0.9976
vn 0.1382 0.0126 -0.9903
vn -0.1411 -0.0181 -0.9898
vn -0.0708 -0.0091 -0.9974
vn 0.0708 0.0063 -0.9975
vn 0.1414 0.0126 -0.9899
vn -0.1444 -0.0182 -0.9893
vn -0.0725 -0.0091 -0.9973
vn 0.0725 0.0063 -0.9973
vn 0.1447 0.0125 -0.9894
vn -0.1479 -0.0182 -0.9888
vn -0.0742 -0.0091 -0.9972
vn 0.0743 0.0062 -0.9972
vn 0.1482 0.0124 -0.9889
vn -0.1516 -0.0181 -0.9883
vn -0.0761 -0.0091 -0.9971
vn 0.0761 0.0061 -0.9971
vn 0.1518 0.0122 -0.9883
vn -0.1554 -0.0179 -0.9877
vn -0.0780 -0.0090 -0.9969
vn 0.0781 0.0059 -0.9969
vn 0.1556 0.0118 -0.9877
vn -0.1594 -0.0177 -0.9871
vn -0.0800 -0.0088 -0.9968
vn 0.0801 0.0058 -0.9968
vn 0.1597 0.0114 -0.9871
vn -0.1636 -0.0174 -0.9864
vn -0.0821 -0.0087 -0.9966
vn 0.0823 0.0055 -0.9966
vn 0.1639 0.0110 -0.9864
vn -0.1681 -0.0170 -0.9856
vn -0.0844 -0.0085 -0.9964
vn 0.0845 0.0053 -0.9964
vn 0.1684 0.0104 -0.9857
vn -0.1728 -0.0166 -0.9848
vn -0.0867 -0.0083 -0.9962
vn 0.0869 0.0050 -0.9962
vn 0.1731 0.0099 -0.9849
vn -0.1778 -0.0162 -0.9839
vn -0.0893 -0.0081 -0.9960
vn 0.0894 0.0047 -0.9960
vn 0.1780 0.0092 -0.9840
vn -0.1831 -0.0158 -0.9830
vn -0.0919 -0.0079 -0.9957
vn 0.0921 0.0043 -0.9957
vn 0.1833 0.0086 -0.9830
vn -0.1886 -0.0154 -0.9819
vn -0.0948 -0.0077 -0.9955
vn 0.0949 0.0040 -0.9955
vn 0.1889 0.0080 -0.9820
vn -0.1946 -0.0150 -0.9808
vn -0.0978 -0.0075 -0.9952
vn 0.0979 0.0037 -0.9952
vn 0.1948 0.0074 -0.9808
vn -0.2009 -0.0147 -0.9795
vn -0.1010 -0.0074 -0.9949
vn 0.1011 0.0034 -0.9949
vn 0.2011 0.0068 -0.9795
vn -0.2076 -0.0144 -0.9781
vn -0.1044 -0.0072 -0.9945
vn 0.1045 0.0032 -0.9945
vn 0.2078 0.0063 -0.9782
vn -0.2147 -0.0143 -0.9766
vn -0.1081 -0.0072 -0.9941
vn 0.1081 0.0030 -0.9941
vn 0.2150 0.0059 -0.9766
vn -0.2224 -0.0142 -0.9749
vn -0.1120 -0.0072 -0.9937
vn 0.1120 0.0028 -0.9937
vn 0.2226 0.0056 -0.9749
vn -0.2306 -0.0144 -0.9729
vn -0.1162 -0.0072 -0.9932
vn 0.1162 0.0027 -0.9932
vn 0.2308 0.0054 -0.9730
vn -0.2394 -0.0147 -0.9708
vn -0.1207 -0.0074 -0.9927
vn 0.1207 0.0027 -0.9927
vn 0.2397 0.0053 -0.9708
vn -0.2442 -0.0149 -0.9696
vn -0.1191 -0.0072 -0.9929
vn 0.1255 0.0027 -0.9921
vn 0.2442 0.0053 -0.9697
vt 0.522266 0.500000
vt 0.543359 0.500000
vt 0.546235 0.484233
vt 0.525603 0.484233
vt 0.564453 0.500000
vt 0.566867 0.484233
vt 0.585547 0.500000
vt 0.587499 0.484233
vt 0.549094 0.468466
vt 0.528924 0.468466
vt 0.569264 0.468466
vt 0.589435 0.468466
vt 0.551919 0.452699
vt 0.532210 0.452699
vt 0.571628 0.452699
vt 0.591337 0.452699
vt 0.554695 0.436932
vt 0.535448 0.436932
vt 0.573942 0.436932
vt 0.593189 0.436932
vt 0.557406 0.421165
vt 0.538620 0.421165
vt 0.576191 0.421165
vt 0.594977 0.421165
vt 0.560039 0.405398
vt 0.541715 0.405398
vt 0.578363 0.405398
vt 0.596687 0.405398
vt 0.562582 0.389631
vt 0.544720 0.389631
vt 0.580444 0.389631
vt 0.598306 0.389631
vt 0.565024 0.373864
vt 0.547624 0.373864
vt 0.582425 0.373864
vt 0.599826 0.373864
vt 0.567359 0.358097
vt 0.550420 0.358097
vt 0.584297 0.358097
vt 0.601236 0.358097
vt 0.569578 0.342330
vt 0.553101 0.342330
vt 0.586055 0.342330
vt 0.602533 0.342330
vt 0.571680 0.326562
vt 0.555664 0.326562
vt 0.587695 0.326562
vt 0.603711 0.326562
vt 0.573662 0.310795
vt 0.558108 0.310795
vt 0.589216 0.310795
vt 0.604770 0.310795
vt 0.575526 0.295028
vt 0.560434 0.295028
vt 0.590618 0.295028
vt 0.605711 0.295028
vt 0.577276 0.279261
vt 0.562645 0.279261
vt 0.591907 0.279261
vt 0.606537 0.279261
vt 0.578917 0.263494
vt 0.564748 0.263494
vt 0.593086 0.263494
vt 0.607255 0.263494
vt 0.580458 0.247727
vt 0.566751 0.247727
vt 0.594165 0.247727
vt 0.607873 0.247727
vt 0.581909 0.231960
vt 0.568663 0.231960
vt 0.595155 0.231960
vt 0.608400 0.231960
vt 0.583281 0.216193
vt 0.570497 0.216193
vt 0.596066 0.216193
vt 0.608850 0.216193
vt 0.584590 0.200426
vt 0.572267 0.200426
vt 0.596912 0.200426
vt 0.609235 0.200426
vt 0.585848 0.184659
vt 0.573987 0.184659
vt 0.597709 0.184659
vt 0.609570 0.184659
vt 0.587073 0.168892
vt 0.575674 0.168892
vt 0.598472 0.168892
vt 0.609872 0.168892
vt 0.588281 0.153125
vt 0.577344 0.153125
vt 0.599219 0.153125
vt 0.610156 0.153125
s 1
usemtl leg_R_visual_alpha
f 2785/2785/349 2786/2786/350 2790/2787/354 2789/2788/353
f 2786/2786/350 2787/2789/351 2791/2790/355 2790/2787/354
f 2787/2789/351 2788/2791/352 2792/2792/356 2791/2790/355
f 2789/2788/353 2790/2787/354 2794/2793/358 2793/2794/357
f 2790/2787/354 2791/2790/355 2795/2795/359 2794/2793/358
f 2791/2790/355 2792/2792/356 2796/2796/360 2795/2795/359
f 2793/2794/357 2794/2793/358 2798/2797/362 2797/2798/361
f 2794/2793/358 2795/2795/359 2799/2799/363 2798/2797/362
f 2795/2795/359 2796/2796/360 2800/2800/364 2799/2799/363
f 2797/2798/361 2798/2797/362 2802/2801/366 2801/2802/365
f 2798/2797/362 2799/2799/363 2803/2803/367 2802/2801/366
f 2799/2799/363 2800/2800/364 2804/2804/368 2803/2803/367
f 2801/2802/365 2802/2801/366 2806/2805/370 2805/2806/369
f 2802/2801/366 2803/2803/367 2807/2807/371 2806/2805/370
f 2803/2803/367 2804/2804/368 2808/2808/372 2807/2807/371
f 2805/2806/369 2806/2805/370 2810/2809/374 2809/2810/373
f 2806/2805/370 2807/2807/371 2811/2811/375 2810/2809/374
f 2807/2807/371 2808/2808/372 2812/2812/376 2811/2811/375
f 2809/2810/373 2810/2809/374 2814/2813/378 2813/2814/377
f 2810/2809/374 2811/2811/375 2815/2815/379 2814/2813/378
f 2811/2811/375 2812/2812/376 2816/2816/380 2815/2815/379
f 2813/2814/377 2814/2813/378 2818/2817/382 2817/2818/381
f 2814/2813/378 2815/2815/379 2819/2819/383 2818/2817/382
f 2815/2815/379 2816/2816/380 2820/2820/384 2819/2819/383
f 2817/2818/381 2818/2817/382 2822/2821/386 2821/2822/385
f 2818/2817/382 2819/2819/383 2823/2823/387 2822/2821/386
f 2819/2819/383 2820/2820/384 2824/2824/388 2823/2823/387
f 2821/2822/385 2822/2821/386 2826/2825/390 2825/2826/389
f 2822/2821/386 2823/2823/387 2827/2827/391 2826/2825/390
f 2823/2823/387 2824/2824/388 2828/2828/392 2827/2827/391
f 2825/2826/389 2826/2825/390 2830/2829/394 2829/2830/393
f 2826/2825/390 2827/2827/391 2831/2831/395 2830/2829/394
f 2827/2827/391 2828/2828/392 2832/2832/396 2831/2831/395
f 2829/2830/393 2830/2829/394 2834/2833/398 2833/2834/397
f 2830/2829/394 2831/2831/395 2835/2835/399 2834/2833/398
f 2831/2831/395 2832/2832/396 2836/2836/400 2835/2835/399
f 2833/2834/397 2834/2833/398 2838/2837/402 2837/2838/401
f 2834/2833/398 2835/2835/399 2839/2839/403 2838/2837/402
f 2835/2835/399 2836/2836/400 2840/2840/404 2839/2839/403
f 2837/2838/401 2838/2837/402 2842/2841/406 2841/2842/405
f 2838/2837/402 2839/2839/403 2843/2843/407 2842/2841/406
f 2839/2839/403 2840/2840/404 2844/2844/408 2843/2843/407
f 2841/2842/405 2842/2841/406 2846/2845/410 2845/2846/409
f 2842/2841/406 2843/2843/407 2847/2847/411 2846/2845/410
f 2843/2843/407 2844/2844/408 2848/2848/412 2847/2847/411
f 2845/2846/409 2846/2845/410 2850/2849/414 2849/2850/413
f 2846/2845/410 2847/2847/411 2851/2851/415 2850/2849/414
f 2847/2847/411 2848/2848/412 2852/2852/416 2851/2851/415
f 2849/2850/413 2850/2849/414 2854/2853/418 2853/2854/417
f 2850/2849/414 2851/2851/415 2855/2855/419 2854/2853/418
f 2851/2851/415 2852/2852/416 2856/2856/420 2855/2855/419
f 2853/2854/417 2854/2853/418 2858/2857/422 2857/2858/421
f 2854/2853/418 2855/2855/419 2859/2859/423 2858/2857/422
f 2855/2855/419 2856/2856/420 2860/2860/424 2859/2859/423
f 2857/2858/421 2858/2857/422 2862/2861/426 2861/2862/425
f 2858/2857/422 2859/2859/423 2863/2863/427 2862/2861/426
f 2859/2859/423 2860/2860/424 2864/2864/428 2863/2863/427
f 2861/2862/425 2862/2861/426 2866/2865/430 2865/2866/429
f 2862/2861/426 2863/2863/427 2867/2867/431 2866/2865/430
f 2863/2863/427 2864/2864/428 2868/2868/432 2867/2867/431
f 2865/2866/429 2866/2865/430 2870/2869/434 2869/2870/433
f 2866/2865/430 2867/2867/431 2871/2871/435 2870/2869/434
f 2867/2867/431 2868/2868/432 2872/2872/436 2871/2871/435
f 2869/2870/433 2870/2869/434 2874/2873/438 2873/2874/437
f 2870/2869/434 2871/2871/435 2875/2875/439 2874/2873/438
f 2871/2871/435 2872/2872/436 2876/2876/440 2875/2875/439
